examinee,item,rater,score
1,1,1,1
1,2,1,3
1,3,1,4
1,4,1,1
1,5,1,4
1,6,1,3
1,7,1,4
1,8,1,3
1,9,1,4
1,1,2,2
1,2,2,3
1,3,2,3
1,4,2,3
1,5,2,3
1,6,2,3
1,7,2,4
1,8,2,3
1,9,2,3
1,1,3,3
1,2,3,4
1,3,3,4
1,4,3,3
1,5,3,3
1,6,3,4
1,7,3,4
1,8,3,4
1,9,3,3
1,1,17,3
1,2,17,2
1,3,17,2
1,4,17,1
1,5,17,3
1,6,17,2
1,7,17,4
1,8,17,4
1,9,17,4
1,1,18,4
1,2,18,4
1,3,18,4
1,4,18,2
1,5,18,4
1,6,18,4
1,7,18,4
1,8,18,4
1,9,18,3
2,1,4,3
2,2,4,3
2,3,4,3
2,4,4,1
2,5,4,3
2,6,4,2
2,7,4,3
2,8,4,3
2,9,4,3
2,1,5,3
2,2,5,4
2,3,5,4
2,4,5,2
2,5,5,4
2,6,5,4
2,7,5,3
2,8,5,3
2,9,5,3
2,1,6,3
2,2,6,3
2,3,6,3
2,4,6,3
2,5,6,3
2,6,6,3
2,7,6,4
2,8,6,3
2,9,6,3
2,1,17,4
2,2,17,4
2,3,17,4
2,4,17,4
2,5,17,4
2,6,17,4
2,7,17,4
2,8,17,4
2,9,17,4
2,1,18,4
2,2,18,4
2,3,18,4
2,4,18,4
2,5,18,4
2,6,18,3
2,7,18,3
2,8,18,3
2,9,18,4
3,1,7,3
3,2,7,3
3,3,7,2
3,4,7,3
3,5,7,3
3,6,7,4
3,7,7,4
3,8,7,3
3,9,7,4
3,1,8,2
3,2,8,3
3,3,8,2
3,4,8,3
3,5,8,2
3,6,8,3
3,7,8,3
3,8,8,3
3,9,8,4
3,1,9,4
3,2,9,4
3,3,9,4
3,4,9,4
3,5,9,4
3,6,9,4
3,7,9,4
3,8,9,4
3,9,9,4
3,1,17,2
3,2,17,3
3,3,17,3
3,4,17,2
3,5,17,3
3,6,17,3
3,7,17,4
3,8,17,4
3,9,17,4
3,1,18,4
3,2,18,4
3,3,18,3
3,4,18,4
3,5,18,4
3,6,18,4
3,7,18,3
3,8,18,3
3,9,18,4
4,1,10,4
4,2,10,3
4,3,10,3
4,4,10,2
4,5,10,3
4,6,10,3
4,7,10,4
4,8,10,4
4,9,10,4
4,1,11,4
4,2,11,4
4,3,11,4
4,4,11,4
4,5,11,4
4,6,11,4
4,7,11,4
4,8,11,4
4,9,11,4
4,1,12,3
4,2,12,3
4,3,12,3
4,4,12,4
4,5,12,3
4,6,12,4
4,7,12,3
4,8,12,4
4,9,12,4
4,1,17,4
4,2,17,4
4,3,17,4
4,4,17,4
4,5,17,4
4,6,17,4
4,7,17,3
4,8,17,3
4,9,17,4
4,1,18,3
4,2,18,3
4,3,18,2
4,4,18,3
4,5,18,3
4,6,18,3
4,7,18,3
4,8,18,3
4,9,18,2
5,1,13,3
5,2,13,4
5,3,13,2
5,4,13,4
5,5,13,4
5,6,13,4
5,7,13,4
5,8,13,4
5,9,13,4
5,1,14,3
5,2,14,4
5,3,14,2
5,4,14,2
5,5,14,3
5,6,14,4
5,7,14,4
5,8,14,4
5,9,14,4
5,1,15,4
5,2,15,4
5,3,15,3
5,4,15,4
5,5,15,4
5,6,15,4
5,7,15,4
5,8,15,4
5,9,15,4
5,1,17,1
5,2,17,1
5,3,17,1
5,4,17,1
5,5,17,1
5,6,17,1
5,7,17,4
5,8,17,4
5,9,17,4
5,1,18,3
5,2,18,3
5,3,18,2
5,4,18,3
5,5,18,3
5,6,18,3
5,7,18,3
5,8,18,2
5,9,18,3
6,1,1,1
6,2,1,2
6,3,1,2
6,4,1,1
6,5,1,2
6,6,1,2
6,7,1,4
6,8,1,3
6,9,1,3
6,1,2,2
6,2,2,3
6,3,2,2
6,4,2,3
6,5,2,3
6,6,2,3
6,7,2,4
6,8,2,3
6,9,2,3
6,1,16,3
6,2,16,3
6,3,16,3
6,4,16,2
6,5,16,3
6,6,16,3
6,7,16,4
6,8,16,3
6,9,16,3
6,1,17,1
6,2,17,1
6,3,17,2
6,4,17,1
6,5,17,2
6,6,17,2
6,7,17,3
6,8,17,4
6,9,17,4
6,1,18,3
6,2,18,4
6,3,18,2
6,4,18,3
6,5,18,4
6,6,18,3
6,7,18,4
6,8,18,4
6,9,18,4
7,1,3,3
7,2,3,3
7,3,3,3
7,4,3,3
7,5,3,4
7,6,3,3
7,7,3,4
7,8,3,4
7,9,3,4
7,1,4,3
7,2,4,2
7,3,4,1
7,4,4,2
7,5,4,3
7,6,4,2
7,7,4,3
7,8,4,2
7,9,4,2
7,1,5,2
7,2,5,2
7,3,5,2
7,4,5,3
7,5,5,3
7,6,5,3
7,7,5,3
7,8,5,3
7,9,5,3
7,1,17,2
7,2,17,1
7,3,17,2
7,4,17,1
7,5,17,1
7,6,17,1
7,7,17,4
7,8,17,4
7,9,17,4
7,1,18,3
7,2,18,3
7,3,18,2
7,4,18,3
7,5,18,4
7,6,18,3
7,7,18,2
7,8,18,3
7,9,18,3
8,1,6,3
8,2,6,3
8,3,6,2
8,4,6,3
8,5,6,3
8,6,6,2
8,7,6,2
8,8,6,3
8,9,6,3
8,1,7,3
8,2,7,4
8,3,7,3
8,4,7,3
8,5,7,2
8,6,7,3
8,7,7,3
8,8,7,2
8,9,7,3
8,1,8,3
8,2,8,2
8,3,8,2
8,4,8,2
8,5,8,2
8,6,8,2
8,7,8,1
8,8,8,1
8,9,8,1
8,1,17,3
8,2,17,3
8,3,17,2
8,4,17,1
8,5,17,3
8,6,17,4
8,7,17,4
8,8,17,4
8,9,17,4
8,1,18,3
8,2,18,3
8,3,18,2
8,4,18,2
8,5,18,3
8,6,18,3
8,7,18,2
8,8,18,1
8,9,18,3
9,1,9,3
9,2,9,2
9,3,9,3
9,4,9,3
9,5,9,2
9,6,9,2
9,7,9,4
9,8,9,4
9,9,9,3
9,1,10,3
9,2,10,2
9,3,10,3
9,4,10,2
9,5,10,2
9,6,10,2
9,7,10,4
9,8,10,4
9,9,10,3
9,1,11,4
9,2,11,3
9,3,11,3
9,4,11,3
9,5,11,4
9,6,11,4
9,7,11,4
9,8,11,4
9,9,11,4
9,1,17,4
9,2,17,2
9,3,17,4
9,4,17,3
9,5,17,3
9,6,17,3
9,7,17,4
9,8,17,4
9,9,17,4
9,1,18,3
9,2,18,4
9,3,18,4
9,4,18,4
9,5,18,3
9,6,18,2
9,7,18,3
9,8,18,3
9,9,18,4
10,1,12,3
10,2,12,4
10,3,12,4
10,4,12,4
10,5,12,4
10,6,12,4
10,7,12,3
10,8,12,3
10,9,12,4
10,1,13,2
10,2,13,3
10,3,13,3
10,4,13,3
10,5,13,4
10,6,13,2
10,7,13,3
10,8,13,4
10,9,13,4
10,1,14,4
10,2,14,3
10,3,14,4
10,4,14,4
10,5,14,4
10,6,14,4
10,7,14,4
10,8,14,4
10,9,14,4
10,1,17,4
10,2,17,2
10,3,17,2
10,4,17,3
10,5,17,3
10,6,17,3
10,7,17,4
10,8,17,3
10,9,17,4
10,1,18,2
10,2,18,3
10,3,18,1
10,4,18,3
10,5,18,3
10,6,18,3
10,7,18,3
10,8,18,3
10,9,18,2
11,1,1,1
11,2,1,3
11,3,1,3
11,4,1,3
11,5,1,4
11,6,1,3
11,7,1,4
11,8,1,4
11,9,1,3
11,1,15,3
11,2,15,3
11,3,15,2
11,4,15,3
11,5,15,3
11,6,15,3
11,7,15,4
11,8,15,4
11,9,15,4
11,1,16,3
11,2,16,3
11,3,16,3
11,4,16,3
11,5,16,4
11,6,16,4
11,7,16,4
11,8,16,4
11,9,16,3
11,1,17,4
11,2,17,4
11,3,17,4
11,4,17,4
11,5,17,4
11,6,17,4
11,7,17,4
11,8,17,4
11,9,17,4
11,1,18,3
11,2,18,4
11,3,18,2
11,4,18,3
11,5,18,4
11,6,18,3
11,7,18,4
11,8,18,4
11,9,18,4
12,1,2,2
12,2,2,2
12,3,2,3
12,4,2,3
12,5,2,3
12,6,2,3
12,7,2,4
12,8,2,4
12,9,2,3
12,1,3,4
12,2,3,4
12,3,3,4
12,4,3,4
12,5,3,3
12,6,3,4
12,7,3,4
12,8,3,4
12,9,3,3
12,1,4,3
12,2,4,2
12,3,4,2
12,4,4,2
12,5,4,2
12,6,4,2
12,7,4,3
12,8,4,3
12,9,4,3
12,1,17,4
12,2,17,2
12,3,17,3
12,4,17,2
12,5,17,3
12,6,17,4
12,7,17,3
12,8,17,4
12,9,17,4
12,1,18,4
12,2,18,4
12,3,18,4
12,4,18,4
12,5,18,4
12,6,18,3
12,7,18,4
12,8,18,4
12,9,18,3
13,1,5,4
13,2,5,4
13,3,5,2
13,4,5,2
13,5,5,3
13,6,5,3
13,7,5,3
13,8,5,4
13,9,5,4
13,1,6,3
13,2,6,4
13,3,6,2
13,4,6,2
13,5,6,3
13,6,6,3
13,7,6,4
13,8,6,3
13,9,6,3
13,1,7,3
13,2,7,2
13,3,7,2
13,4,7,3
13,5,7,3
13,6,7,3
13,7,7,4
13,8,7,3
13,9,7,4
13,1,17,2
13,2,17,1
13,3,17,3
13,4,17,3
13,5,17,2
13,6,17,2
13,7,17,4
13,8,17,4
13,9,17,4
13,1,18,3
13,2,18,2
13,3,18,2
13,4,18,2
13,5,18,3
13,6,18,3
13,7,18,3
13,8,18,3
13,9,18,3
14,1,8,3
14,2,8,3
14,3,8,3
14,4,8,3
14,5,8,3
14,6,8,3
14,7,8,3
14,8,8,3
14,9,8,4
14,1,9,3
14,2,9,4
14,3,9,3
14,4,9,3
14,5,9,4
14,6,9,3
14,7,9,4
14,8,9,4
14,9,9,4
14,1,10,3
14,2,10,3
14,3,10,4
14,4,10,3
14,5,10,4
14,6,10,4
14,7,10,4
14,8,10,4
14,9,10,4
14,1,17,4
14,2,17,4
14,3,17,4
14,4,17,4
14,5,17,4
14,6,17,4
14,7,17,4
14,8,17,3
14,9,17,4
14,1,18,3
14,2,18,4
14,3,18,3
14,4,18,3
14,5,18,4
14,6,18,3
14,7,18,3
14,8,18,3
14,9,18,3
15,1,11,4
15,2,11,3
15,3,11,3
15,4,11,2
15,5,11,3
15,6,11,3
15,7,11,4
15,8,11,4
15,9,11,3
15,1,12,3
15,2,12,3
15,3,12,3
15,4,12,4
15,5,12,3
15,6,12,4
15,7,12,3
15,8,12,4
15,9,12,3
15,1,13,2
15,2,13,3
15,3,13,2
15,4,13,3
15,5,13,4
15,6,13,2
15,7,13,3
15,8,13,4
15,9,13,4
15,1,17,3
15,2,17,3
15,3,17,3
15,4,17,3
15,5,17,4
15,6,17,4
15,7,17,4
15,8,17,4
15,9,17,4
15,1,18,3
15,2,18,3
15,3,18,2
15,4,18,3
15,5,18,3
15,6,18,3
15,7,18,3
15,8,18,3
15,9,18,3
16,1,14,2
16,2,14,1
16,3,14,2
16,4,14,2
16,5,14,2
16,6,14,3
16,7,14,4
16,8,14,4
16,9,14,4
16,1,15,3
16,2,15,2
16,3,15,3
16,4,15,3
16,5,15,3
16,6,15,3
16,7,15,4
16,8,15,3
16,9,15,4
16,1,16,2
16,2,16,1
16,3,16,2
16,4,16,2
16,5,16,1
16,6,16,1
16,7,16,4
16,8,16,2
16,9,16,1
16,1,17,1
16,2,17,1
16,3,17,1
16,4,17,1
16,5,17,1
16,6,17,1
16,7,17,4
16,8,17,4
16,9,17,4
16,1,18,3
16,2,18,3
16,3,18,2
16,4,18,2
16,5,18,3
16,6,18,2
16,7,18,3
16,8,18,3
16,9,18,3
17,1,1,1
17,2,1,3
17,3,1,2
17,4,1,3
17,5,1,2
17,6,1,2
17,7,1,4
17,8,1,3
17,9,1,4
17,1,6,3
17,2,6,3
17,3,6,2
17,4,6,3
17,5,6,2
17,6,6,3
17,7,6,4
17,8,6,3
17,9,6,3
17,1,10,3
17,2,10,3
17,3,10,4
17,4,10,2
17,5,10,2
17,6,10,3
17,7,10,4
17,8,10,3
17,9,10,3
17,1,17,2
17,2,17,2
17,3,17,2
17,4,17,2
17,5,17,2
17,6,17,2
17,7,17,4
17,8,17,4
17,9,17,4
17,1,18,4
17,2,18,4
17,3,18,4
17,4,18,4
17,5,18,4
17,6,18,4
17,7,18,4
17,8,18,3
17,9,18,4
18,1,4,3
18,2,4,2
18,3,4,2
18,4,4,3
18,5,4,3
18,6,4,3
18,7,4,3
18,8,4,4
18,9,4,3
18,1,7,4
18,2,7,4
18,3,7,4
18,4,7,3
18,5,7,3
18,6,7,4
18,7,7,3
18,8,7,2
18,9,7,4
18,1,15,3
18,2,15,3
18,3,15,2
18,4,15,3
18,5,15,3
18,6,15,3
18,7,15,4
18,8,15,4
18,9,15,4
18,1,17,2
18,2,17,2
18,3,17,2
18,4,17,2
18,5,17,1
18,6,17,2
18,7,17,3
18,8,17,4
18,9,17,3
18,1,18,4
18,2,18,4
18,3,18,2
18,4,18,3
18,5,18,3
18,6,18,3
18,7,18,3
18,8,18,2
18,9,18,3
19,1,2,2
19,2,2,4
19,3,2,2
19,4,2,3
19,5,2,3
19,6,2,3
19,7,2,3
19,8,2,4
19,9,2,4
19,1,3,3
19,2,3,3
19,3,3,4
19,4,3,3
19,5,3,3
19,6,3,3
19,7,3,3
19,8,3,4
19,9,3,4
19,1,8,4
19,2,8,3
19,3,8,4
19,4,8,4
19,5,8,4
19,6,8,4
19,7,8,3
19,8,8,4
19,9,8,4
19,1,17,3
19,2,17,4
19,3,17,2
19,4,17,4
19,5,17,4
19,6,17,4
19,7,17,3
19,8,17,4
19,9,17,4
19,1,18,3
19,2,18,3
19,3,18,3
19,4,18,3
19,5,18,3
19,6,18,3
19,7,18,3
19,8,18,2
19,9,18,3
20,1,11,3
20,2,11,2
20,3,11,2
20,4,11,1
20,5,11,2
20,6,11,2
20,7,11,3
20,8,11,3
20,9,11,2
20,1,14,2
20,2,14,3
20,3,14,3
20,4,14,3
20,5,14,3
20,6,14,4
20,7,14,3
20,8,14,4
20,9,14,4
20,1,16,3
20,2,16,3
20,3,16,3
20,4,16,1
20,5,16,3
20,6,16,3
20,7,16,3
20,8,16,3
20,9,16,3
20,1,17,4
20,2,17,3
20,3,17,4
20,4,17,2
20,5,17,4
20,6,17,4
20,7,17,4
20,8,17,4
20,9,17,4
20,1,18,3
20,2,18,3
20,3,18,2
20,4,18,4
20,5,18,3
20,6,18,3
20,7,18,3
20,8,18,2
20,9,18,4
21,1,5,4
21,2,5,4
21,3,5,4
21,4,5,4
21,5,5,4
21,6,5,4
21,7,5,4
21,8,5,4
21,9,5,4
21,1,9,3
21,2,9,2
21,3,9,3
21,4,9,3
21,5,9,2
21,6,9,3
21,7,9,4
21,8,9,4
21,9,9,3
21,1,12,3
21,2,12,4
21,3,12,3
21,4,12,3
21,5,12,4
21,6,12,3
21,7,12,3
21,8,12,3
21,9,12,4
21,1,17,4
21,2,17,4
21,3,17,4
21,4,17,2
21,5,17,4
21,6,17,4
21,7,17,4
21,8,17,3
21,9,17,4
21,1,18,3
21,2,18,4
21,3,18,3
21,4,18,3
21,5,18,4
21,6,18,4
21,7,18,4
21,8,18,1
21,9,18,4
22,1,1,1
22,2,1,3
22,3,1,3
22,4,1,1
22,5,1,2
22,6,1,3
22,7,1,4
22,8,1,4
22,9,1,3
22,1,10,3
22,2,10,3
22,3,10,3
22,4,10,2
22,5,10,3
22,6,10,4
22,7,10,3
22,8,10,4
22,9,10,4
22,1,13,2
22,2,13,2
22,3,13,4
22,4,13,4
22,5,13,3
22,6,13,4
22,7,13,3
22,8,13,3
22,9,13,3
22,1,17,4
22,2,17,1
22,3,17,4
22,4,17,4
22,5,17,3
22,6,17,4
22,7,17,4
22,8,17,4
22,9,17,4
22,1,18,3
22,2,18,2
22,3,18,3
22,4,18,3
22,5,18,3
22,6,18,2
22,7,18,3
22,8,18,3
22,9,18,4
23,1,6,3
23,2,6,4
23,3,6,3
23,4,6,4
23,5,6,4
23,6,6,3
23,7,6,4
23,8,6,3
23,9,6,4
23,1,7,4
23,2,7,4
23,3,7,3
23,4,7,3
23,5,7,4
23,6,7,4
23,7,7,4
23,8,7,4
23,9,7,4
23,1,15,3
23,2,15,3
23,3,15,3
23,4,15,4
23,5,15,3
23,6,15,3
23,7,15,4
23,8,15,3
23,9,15,4
23,1,17,3
23,2,17,3
23,3,17,3
23,4,17,3
23,5,17,4
23,6,17,4
23,7,17,4
23,8,17,4
23,9,17,4
23,1,18,4
23,2,18,4
23,3,18,4
23,4,18,4
23,5,18,4
23,6,18,4
23,7,18,3
23,8,18,3
23,9,18,4
24,1,2,2
24,2,2,3
24,3,2,2
24,4,2,3
24,5,2,3
24,6,2,3
24,7,2,4
24,8,2,3
24,9,2,4
24,1,4,3
24,2,4,3
24,3,4,3
24,4,4,2
24,5,4,2
24,6,4,3
24,7,4,3
24,8,4,3
24,9,4,2
24,1,8,3
24,2,8,3
24,3,8,2
24,4,8,2
24,5,8,2
24,6,8,3
24,7,8,3
24,8,8,3
24,9,8,4
24,1,17,3
24,2,17,4
24,3,17,3
24,4,17,3
24,5,17,3
24,6,17,4
24,7,17,4
24,8,17,4
24,9,17,4
24,1,18,3
24,2,18,3
24,3,18,3
24,4,18,3
24,5,18,3
24,6,18,3
24,7,18,3
24,8,18,3
24,9,18,3
25,1,3,3
25,2,3,3
25,3,3,4
25,4,3,3
25,5,3,2
25,6,3,2
25,7,3,3
25,8,3,4
25,9,3,2
25,1,14,4
25,2,14,4
25,3,14,3
25,4,14,3
25,5,14,4
25,6,14,4
25,7,14,3
25,8,14,4
25,9,14,4
25,1,16,4
25,2,16,4
25,3,16,4
25,4,16,3
25,5,16,3
25,6,16,3
25,7,16,4
25,8,16,4
25,9,16,4
25,1,17,4
25,2,17,4
25,3,17,4
25,4,17,4
25,5,17,3
25,6,17,3
25,7,17,4
25,8,17,4
25,9,17,4
25,1,18,4
25,2,18,4
25,3,18,4
25,4,18,4
25,5,18,4
25,6,18,4
25,7,18,4
25,8,18,4
25,9,18,3
26,1,9,4
26,2,9,4
26,3,9,3
26,4,9,2
26,5,9,4
26,6,9,4
26,7,9,4
26,8,9,4
26,9,9,3
26,1,11,4
26,2,11,3
26,3,11,3
26,4,11,3
26,5,11,3
26,6,11,3
26,7,11,4
26,8,11,3
26,9,11,4
26,1,12,3
26,2,12,4
26,3,12,4
26,4,12,3
26,5,12,3
26,6,12,3
26,7,12,3
26,8,12,3
26,9,12,4
26,1,17,4
26,2,17,1
26,3,17,4
26,4,17,2
26,5,17,3
26,6,17,4
26,7,17,3
26,8,17,4
26,9,17,4
26,1,18,4
26,2,18,4
26,3,18,3
26,4,18,4
26,5,18,4
26,6,18,3
26,7,18,4
26,8,18,3
26,9,18,4
27,1,5,3
27,2,5,3
27,3,5,2
27,4,5,3
27,5,5,3
27,6,5,3
27,7,5,3
27,8,5,2
27,9,5,3
27,1,10,4
27,2,10,3
27,3,10,4
27,4,10,3
27,5,10,3
27,6,10,4
27,7,10,4
27,8,10,4
27,9,10,4
27,1,13,3
27,2,13,3
27,3,13,2
27,4,13,2
27,5,13,2
27,6,13,2
27,7,13,4
27,8,13,3
27,9,13,2
27,1,17,3
27,2,17,4
27,3,17,2
27,4,17,4
27,5,17,4
27,6,17,4
27,7,17,4
27,8,17,4
27,9,17,4
27,1,18,4
27,2,18,4
27,3,18,2
27,4,18,4
27,5,18,4
27,6,18,3
27,7,18,3
27,8,18,3
27,9,18,3
28,1,1,2
28,2,1,3
28,3,1,2
28,4,1,1
28,5,1,4
28,6,1,3
28,7,1,3
28,8,1,4
28,9,1,3
28,1,6,3
28,2,6,4
28,3,6,3
28,4,6,4
28,5,6,3
28,6,6,3
28,7,6,4
28,8,6,3
28,9,6,3
28,1,15,4
28,2,15,4
28,3,15,4
28,4,15,4
28,5,15,4
28,6,15,4
28,7,15,3
28,8,15,4
28,9,15,4
28,1,17,3
28,2,17,3
28,3,17,2
28,4,17,4
28,5,17,4
28,6,17,4
28,7,17,4
28,8,17,4
28,9,17,4
28,1,18,4
28,2,18,4
28,3,18,3
28,4,18,4
28,5,18,4
28,6,18,3
28,7,18,4
28,8,18,3
28,9,18,4
29,1,4,3
29,2,4,4
29,3,4,4
29,4,4,2
29,5,4,4
29,6,4,3
29,7,4,3
29,8,4,3
29,9,4,4
29,1,7,4
29,2,7,4
29,3,7,4
29,4,7,3
29,5,7,4
29,6,7,4
29,7,7,4
29,8,7,4
29,9,7,4
29,1,8,3
29,2,8,3
29,3,8,3
29,4,8,2
29,5,8,3
29,6,8,3
29,7,8,3
29,8,8,3
29,9,8,4
29,1,17,2
29,2,17,1
29,3,17,3
29,4,17,3
29,5,17,3
29,6,17,4
29,7,17,4
29,8,17,4
29,9,17,4
29,1,18,3
29,2,18,4
29,3,18,3
29,4,18,2
29,5,18,3
29,6,18,4
29,7,18,4
29,8,18,4
29,9,18,4
30,1,2,2
30,2,2,4
30,3,2,2
30,4,2,2
30,5,2,4
30,6,2,4
30,7,2,4
30,8,2,4
30,9,2,4
30,1,3,4
30,2,3,4
30,3,3,4
30,4,3,2
30,5,3,3
30,6,3,4
30,7,3,4
30,8,3,4
30,9,3,4
30,1,16,4
30,2,16,4
30,3,16,3
30,4,16,4
30,5,16,4
30,6,16,4
30,7,16,4
30,8,16,4
30,9,16,4
30,1,17,4
30,2,17,4
30,3,17,4
30,4,17,4
30,5,17,4
30,6,17,4
30,7,17,4
30,8,17,3
30,9,17,4
30,1,18,4
30,2,18,4
30,3,18,2
30,4,18,3
30,5,18,4
30,6,18,3
30,7,18,4
30,8,18,4
30,9,18,4
31,1,9,3
31,2,9,3
31,3,9,3
31,4,9,3
31,5,9,3
31,6,9,4
31,7,9,4
31,8,9,4
31,9,9,4
31,1,11,4
31,2,11,3
31,3,11,3
31,4,11,2
31,5,11,3
31,6,11,2
31,7,11,4
31,8,11,4
31,9,11,3
31,1,14,3
31,2,14,3
31,3,14,2
31,4,14,3
31,5,14,4
31,6,14,4
31,7,14,4
31,8,14,4
31,9,14,4
31,1,17,4
31,2,17,3
31,3,17,2
31,4,17,1
31,5,17,4
31,6,17,4
31,7,17,4
31,8,17,4
31,9,17,4
31,1,18,3
31,2,18,3
31,3,18,3
31,4,18,3
31,5,18,3
31,6,18,4
31,7,18,4
31,8,18,4
31,9,18,4
32,1,5,3
32,2,5,2
32,3,5,2
32,4,5,2
32,5,5,3
32,6,5,3
32,7,5,3
32,8,5,3
32,9,5,3
32,1,12,3
32,2,12,3
32,3,12,2
32,4,12,2
32,5,12,3
32,6,12,3
32,7,12,3
32,8,12,4
32,9,12,4
32,1,13,2
32,2,13,3
32,3,13,2
32,4,13,2
32,5,13,4
32,6,13,4
32,7,13,4
32,8,13,2
32,9,13,4
32,1,17,2
32,2,17,1
32,3,17,3
32,4,17,1
32,5,17,2
32,6,17,4
32,7,17,4
32,8,17,4
32,9,17,4
32,1,18,3
32,2,18,3
32,3,18,3
32,4,18,3
32,5,18,3
32,6,18,4
32,7,18,3
32,8,18,2
32,9,18,3
33,1,2,2
33,2,2,2
33,3,2,3
33,4,2,3
33,5,2,3
33,6,2,3
33,7,2,4
33,8,2,4
33,9,2,4
33,1,14,4
33,2,14,4
33,3,14,3
33,4,14,3
33,5,14,4
33,6,14,4
33,7,14,4
33,8,14,4
33,9,14,4
33,1,15,3
33,2,15,4
33,3,15,4
33,4,15,4
33,5,15,3
33,6,15,3
33,7,15,4
33,8,15,4
33,9,15,4
33,1,17,4
33,2,17,4
33,3,17,4
33,4,17,2
33,5,17,4
33,6,17,4
33,7,17,4
33,8,17,4
33,9,17,4
33,1,18,2
33,2,18,3
33,3,18,3
33,4,18,2
33,5,18,3
33,6,18,3
33,7,18,4
33,8,18,4
33,9,18,4
34,1,1,2
34,2,1,2
34,3,1,2
34,4,1,3
34,5,1,2
34,6,1,2
34,7,1,4
34,8,1,3
34,9,1,3
34,1,3,3
34,2,3,2
34,3,3,3
34,4,3,3
34,5,3,1
34,6,3,2
34,7,3,4
34,8,3,2
34,9,3,2
34,1,12,3
34,2,12,4
34,3,12,4
34,4,12,3
34,5,12,3
34,6,12,3
34,7,12,3
34,8,12,4
34,9,12,3
34,1,17,3
34,2,17,3
34,3,17,3
34,4,17,4
34,5,17,4
34,6,17,3
34,7,17,4
34,8,17,3
34,9,17,4
34,1,18,4
34,2,18,4
34,3,18,4
34,4,18,4
34,5,18,4
34,6,18,3
34,7,18,4
34,8,18,4
34,9,18,4
35,1,4,2
35,2,4,3
35,3,4,3
35,4,4,1
35,5,4,2
35,6,4,2
35,7,4,2
35,8,4,2
35,9,4,2
35,1,6,2
35,2,6,2
35,3,6,2
35,4,6,3
35,5,6,3
35,6,6,2
35,7,6,3
35,8,6,3
35,9,6,3
35,1,10,3
35,2,10,3
35,3,10,3
35,4,10,2
35,5,10,3
35,6,10,3
35,7,10,3
35,8,10,2
35,9,10,4
35,1,17,1
35,2,17,2
35,3,17,2
35,4,17,2
35,5,17,2
35,6,17,2
35,7,17,3
35,8,17,3
35,9,17,4
35,1,18,2
35,2,18,3
35,3,18,3
35,4,18,3
35,5,18,3
35,6,18,3
35,7,18,2
35,8,18,1
35,9,18,3
36,1,5,3
36,2,5,3
36,3,5,2
36,4,5,3
36,5,5,3
36,6,5,4
36,7,5,3
36,8,5,2
36,9,5,3
36,1,11,4
36,2,11,4
36,3,11,4
36,4,11,3
36,5,11,3
36,6,11,4
36,7,11,4
36,8,11,3
36,9,11,4
36,1,16,3
36,2,16,2
36,3,16,2
36,4,16,2
36,5,16,3
36,6,16,2
36,7,16,4
36,8,16,2
36,9,16,3
36,1,17,4
36,2,17,3
36,3,17,2
36,4,17,2
36,5,17,3
36,6,17,4
36,7,17,4
36,8,17,4
36,9,17,4
36,1,18,2
36,2,18,3
36,3,18,1
36,4,18,1
36,5,18,3
36,6,18,2
36,7,18,3
36,8,18,3
36,9,18,3
37,1,7,3
37,2,7,4
37,3,7,4
37,4,7,4
37,5,7,2
37,6,7,2
37,7,7,4
37,8,7,1
37,9,7,1
37,1,8,2
37,2,8,2
37,3,8,2
37,4,8,2
37,5,8,1
37,6,8,1
37,7,8,3
37,8,8,1
37,9,8,2
37,1,9,3
37,2,9,4
37,3,9,3
37,4,9,4
37,5,9,4
37,6,9,4
37,7,9,3
37,8,9,3
37,9,9,4
37,1,17,2
37,2,17,1
37,3,17,1
37,4,17,2
37,5,17,1
37,6,17,1
37,7,17,3
37,8,17,1
37,9,17,2
37,1,18,3
37,2,18,3
37,3,18,3
37,4,18,2
37,5,18,2
37,6,18,3
37,7,18,3
37,8,18,1
37,9,18,2
38,1,2,3
38,2,2,2
38,3,2,2
38,4,2,3
38,5,2,2
38,6,2,2
38,7,2,3
38,8,2,3
38,9,2,3
38,1,13,3
38,2,13,2
38,3,13,1
38,4,13,2
38,5,13,2
38,6,13,2
38,7,13,3
38,8,13,3
38,9,13,4
38,1,14,2
38,2,14,3
38,3,14,2
38,4,14,2
38,5,14,2
38,6,14,2
38,7,14,4
38,8,14,3
38,9,14,3
38,1,17,4
38,2,17,2
38,3,17,2
38,4,17,2
38,5,17,3
38,6,17,4
38,7,17,3
38,8,17,4
38,9,17,4
38,1,18,3
38,2,18,3
38,3,18,2
38,4,18,3
38,5,18,2
38,6,18,2
38,7,18,2
38,8,18,2
38,9,18,3
39,1,3,3
39,2,3,4
39,3,3,4
39,4,3,3
39,5,3,4
39,6,3,4
39,7,3,4
39,8,3,4
39,9,3,4
39,1,12,3
39,2,12,4
39,3,12,3
39,4,12,4
39,5,12,4
39,6,12,3
39,7,12,3
39,8,12,3
39,9,12,4
39,1,15,4
39,2,15,4
39,3,15,4
39,4,15,4
39,5,15,4
39,6,15,4
39,7,15,4
39,8,15,4
39,9,15,4
39,1,17,3
39,2,17,3
39,3,17,2
39,4,17,2
39,5,17,4
39,6,17,3
39,7,17,4
39,8,17,4
39,9,17,4
39,1,18,3
39,2,18,2
39,3,18,2
39,4,18,4
39,5,18,2
39,6,18,3
39,7,18,3
39,8,18,3
39,9,18,3
40,1,1,2
40,2,1,3
40,3,1,3
40,4,1,3
40,5,1,2
40,6,1,3
40,7,1,4
40,8,1,3
40,9,1,4
40,1,4,3
40,2,4,3
40,3,4,3
40,4,4,3
40,5,4,4
40,6,4,3
40,7,4,2
40,8,4,2
40,9,4,3
40,1,6,3
40,2,6,3
40,3,6,2
40,4,6,3
40,5,6,3
40,6,6,3
40,7,6,4
40,8,6,3
40,9,6,4
40,1,17,4
40,2,17,3
40,3,17,2
40,4,17,1
40,5,17,4
40,6,17,4
40,7,17,4
40,8,17,4
40,9,17,4
40,1,18,3
40,2,18,3
40,3,18,2
40,4,18,2
40,5,18,3
40,6,18,3
40,7,18,4
40,8,18,3
40,9,18,4
41,1,10,3
41,2,10,3
41,3,10,3
41,4,10,3
41,5,10,3
41,6,10,3
41,7,10,3
41,8,10,4
41,9,10,4
41,1,11,3
41,2,11,3
41,3,11,3
41,4,11,1
41,5,11,2
41,6,11,2
41,7,11,3
41,8,11,3
41,9,11,2
41,1,16,4
41,2,16,4
41,3,16,3
41,4,16,3
41,5,16,4
41,6,16,4
41,7,16,4
41,8,16,3
41,9,16,4
41,1,17,3
41,2,17,4
41,3,17,2
41,4,17,4
41,5,17,3
41,6,17,3
41,7,17,4
41,8,17,4
41,9,17,4
41,1,18,3
41,2,18,4
41,3,18,2
41,4,18,3
41,5,18,4
41,6,18,4
41,7,18,3
41,8,18,3
41,9,18,4
42,1,5,3
42,2,5,3
42,3,5,3
42,4,5,3
42,5,5,3
42,6,5,3
42,7,5,2
42,8,5,2
42,9,5,2
42,1,8,3
42,2,8,3
42,3,8,3
42,4,8,3
42,5,8,3
42,6,8,4
42,7,8,3
42,8,8,4
42,9,8,3
42,1,9,4
42,2,9,3
42,3,9,4
42,4,9,4
42,5,9,4
42,6,9,4
42,7,9,4
42,8,9,4
42,9,9,4
42,1,17,4
42,2,17,4
42,3,17,4
42,4,17,4
42,5,17,4
42,6,17,4
42,7,17,4
42,8,17,4
42,9,17,4
42,1,18,3
42,2,18,3
42,3,18,4
42,4,18,3
42,5,18,3
42,6,18,3
42,7,18,3
42,8,18,3
42,9,18,3
43,1,7,3
43,2,7,4
43,3,7,3
43,4,7,3
43,5,7,3
43,6,7,3
43,7,7,4
43,8,7,3
43,9,7,4
43,1,13,2
43,2,13,3
43,3,13,3
43,4,13,3
43,5,13,3
43,6,13,3
43,7,13,3
43,8,13,2
43,9,13,4
43,1,14,4
43,2,14,3
43,3,14,3
43,4,14,3
43,5,14,4
43,6,14,4
43,7,14,3
43,8,14,4
43,9,14,4
43,1,17,4
43,2,17,3
43,3,17,3
43,4,17,2
43,5,17,3
43,6,17,3
43,7,17,4
43,8,17,4
43,9,17,4
43,1,18,3
43,2,18,4
43,3,18,3
43,4,18,3
43,5,18,3
43,6,18,3
43,7,18,3
43,8,18,1
43,9,18,3
44,1,2,2
44,2,2,3
44,3,2,3
44,4,2,3
44,5,2,2
44,6,2,3
44,7,2,3
44,8,2,3
44,9,2,3
44,1,12,3
44,2,12,3
44,3,12,3
44,4,12,2
44,5,12,3
44,6,12,3
44,7,12,3
44,8,12,4
44,9,12,4
44,1,15,3
44,2,15,3
44,3,15,3
44,4,15,3
44,5,15,3
44,6,15,3
44,7,15,4
44,8,15,3
44,9,15,3
44,1,17,4
44,2,17,4
44,3,17,3
44,4,17,4
44,5,17,4
44,6,17,4
44,7,17,3
44,8,17,3
44,9,17,4
44,1,18,4
44,2,18,4
44,3,18,3
44,4,18,4
44,5,18,4
44,6,18,3
44,7,18,3
44,8,18,3
44,9,18,3
45,1,1,2
45,2,1,2
45,3,1,2
45,4,1,1
45,5,1,1
45,6,1,2
45,7,1,3
45,8,1,2
45,9,1,2
45,1,3,3
45,2,3,2
45,3,3,3
45,4,3,1
45,5,3,2
45,6,3,3
45,7,3,4
45,8,3,3
45,9,3,3
45,1,6,2
45,2,6,3
45,3,6,2
45,4,6,1
45,5,6,3
45,6,6,3
45,7,6,3
45,8,6,3
45,9,6,2
45,1,17,2
45,2,17,2
45,3,17,1
45,4,17,1
45,5,17,3
45,6,17,2
45,7,17,4
45,8,17,3
45,9,17,3
45,1,18,4
45,2,18,4
45,3,18,3
45,4,18,3
45,5,18,3
45,6,18,3
45,7,18,4
45,8,18,3
45,9,18,4
46,1,4,2
46,2,4,3
46,3,4,2
46,4,4,1
46,5,4,2
46,6,4,2
46,7,4,2
46,8,4,2
46,9,4,2
46,1,10,3
46,2,10,3
46,3,10,3
46,4,10,1
46,5,10,3
46,6,10,3
46,7,10,4
46,8,10,2
46,9,10,4
46,1,11,4
46,2,11,4
46,3,11,3
46,4,11,3
46,5,11,3
46,6,11,3
46,7,11,4
46,8,11,4
46,9,11,3
46,1,17,2
46,2,17,2
46,3,17,3
46,4,17,3
46,5,17,2
46,6,17,3
46,7,17,3
46,8,17,3
46,9,17,4
46,1,18,3
46,2,18,3
46,3,18,4
46,4,18,3
46,5,18,3
46,6,18,3
46,7,18,3
46,8,18,4
46,9,18,3
47,1,5,4
47,2,5,4
47,3,5,2
47,4,5,2
47,5,5,4
47,6,5,4
47,7,5,4
47,8,5,4
47,9,5,4
47,1,9,4
47,2,9,3
47,3,9,3
47,4,9,3
47,5,9,4
47,6,9,4
47,7,9,4
47,8,9,4
47,9,9,4
47,1,16,4
47,2,16,4
47,3,16,3
47,4,16,4
47,5,16,4
47,6,16,3
47,7,16,4
47,8,16,3
47,9,16,4
47,1,17,4
47,2,17,1
47,3,17,3
47,4,17,4
47,5,17,4
47,6,17,4
47,7,17,4
47,8,17,4
47,9,17,4
47,1,18,4
47,2,18,4
47,3,18,2
47,4,18,4
47,5,18,4
47,6,18,3
47,7,18,4
47,8,18,4
47,9,18,4
48,1,7,3
48,2,7,2
48,3,7,2
48,4,7,2
48,5,7,2
48,6,7,3
48,7,7,3
48,8,7,4
48,9,7,3
48,1,8,2
48,2,8,2
48,3,8,2
48,4,8,1
48,5,8,1
48,6,8,3
48,7,8,2
48,8,8,3
48,9,8,3
48,1,13,3
48,2,13,1
48,3,13,1
48,4,13,1
48,5,13,1
48,6,13,1
48,7,13,4
48,8,13,4
48,9,13,3
48,1,17,1
48,2,17,1
48,3,17,1
48,4,17,1
48,5,17,1
48,6,17,1
48,7,17,4
48,8,17,3
48,9,17,4
48,1,18,3
48,2,18,3
48,3,18,2
48,4,18,3
48,5,18,3
48,6,18,3
48,7,18,3
48,8,18,3
48,9,18,3
49,1,3,3
49,2,3,3
49,3,3,4
49,4,3,4
49,5,3,3
49,6,3,4
49,7,3,4
49,8,3,4
49,9,3,3
49,1,10,3
49,2,10,3
49,3,10,3
49,4,10,3
49,5,10,4
49,6,10,4
49,7,10,4
49,8,10,3
49,9,10,4
49,1,16,3
49,2,16,2
49,3,16,3
49,4,16,4
49,5,16,2
49,6,16,2
49,7,16,4
49,8,16,3
49,9,16,3
49,1,17,4
49,2,17,1
49,3,17,4
49,4,17,4
49,5,17,3
49,6,17,4
49,7,17,3
49,8,17,4
49,9,17,4
49,1,18,3
49,2,18,3
49,3,18,3
49,4,18,4
49,5,18,4
49,6,18,4
49,7,18,3
49,8,18,2
49,9,18,4
50,1,1,1
50,2,1,2
50,3,1,3
50,4,1,2
50,5,1,2
50,6,1,3
50,7,1,2
50,8,1,3
50,9,1,4
50,1,5,3
50,2,5,3
50,3,5,3
50,4,5,2
50,5,5,4
50,6,5,4
50,7,5,4
50,8,5,3
50,9,5,3
50,1,6,3
50,2,6,4
50,3,6,3
50,4,6,4
50,5,6,4
50,6,6,3
50,7,6,3
50,8,6,3
50,9,6,3
50,1,17,4
50,2,17,3
50,3,17,3
50,4,17,3
50,5,17,4
50,6,17,4
50,7,17,4
50,8,17,4
50,9,17,4
50,1,18,3
50,2,18,4
50,3,18,4
50,4,18,3
50,5,18,4
50,6,18,4
50,7,18,3
50,8,18,2
50,9,18,4
51,1,8,3
51,2,8,3
51,3,8,3
51,4,8,1
51,5,8,3
51,6,8,3
51,7,8,3
51,8,8,3
51,9,8,3
51,1,9,4
51,2,9,4
51,3,9,4
51,4,9,4
51,5,9,4
51,6,9,4
51,7,9,4
51,8,9,4
51,9,9,4
51,1,12,3
51,2,12,3
51,3,12,3
51,4,12,3
51,5,12,2
51,6,12,3
51,7,12,3
51,8,12,3
51,9,12,3
51,1,17,4
51,2,17,3
51,3,17,3
51,4,17,4
51,5,17,3
51,6,17,4
51,7,17,4
51,8,17,4
51,9,17,4
51,1,18,3
51,2,18,3
51,3,18,3
51,4,18,4
51,5,18,3
51,6,18,3
51,7,18,4
51,8,18,3
51,9,18,3
52,1,2,2
52,2,2,4
52,3,2,2
52,4,2,3
52,5,2,4
52,6,2,4
52,7,2,4
52,8,2,4
52,9,2,4
52,1,4,3
52,2,4,3
52,3,4,3
52,4,4,2
52,5,4,3
52,6,4,3
52,7,4,3
52,8,4,2
52,9,4,3
52,1,14,4
52,2,14,4
52,3,14,3
52,4,14,4
52,5,14,4
52,6,14,4
52,7,14,4
52,8,14,4
52,9,14,4
52,1,17,3
52,2,17,3
52,3,17,2
52,4,17,3
52,5,17,4
52,6,17,4
52,7,17,4
52,8,17,4
52,9,17,4
52,1,18,3
52,2,18,4
52,3,18,2
52,4,18,4
52,5,18,4
52,6,18,4
52,7,18,4
52,8,18,4
52,9,18,3
53,1,7,3
53,2,7,3
53,3,7,3
53,4,7,1
53,5,7,4
53,6,7,4
53,7,7,4
53,8,7,3
53,9,7,3
53,1,11,4
53,2,11,4
53,3,11,4
53,4,11,3
53,5,11,4
53,6,11,4
53,7,11,3
53,8,11,3
53,9,11,4
53,1,13,2
53,2,13,2
53,3,13,1
53,4,13,1
53,5,13,4
53,6,13,1
53,7,13,4
53,8,13,2
53,9,13,3
53,1,17,4
53,2,17,4
53,3,17,4
53,4,17,2
53,5,17,4
53,6,17,4
53,7,17,4
53,8,17,4
53,9,17,4
53,1,18,3
53,2,18,3
53,3,18,3
53,4,18,3
53,5,18,3
53,6,18,3
53,7,18,4
53,8,18,4
53,9,18,3
54,1,3,2
54,2,3,2
54,3,3,2
54,4,3,2
54,5,3,2
54,6,3,2
54,7,3,2
54,8,3,1
54,9,3,3
54,1,15,2
54,2,15,2
54,3,15,2
54,4,15,2
54,5,15,1
54,6,15,1
54,7,15,1
54,8,15,2
54,9,15,2
54,1,16,2
54,2,16,2
54,3,16,2
54,4,16,2
54,5,16,3
54,6,16,1
54,7,16,3
54,8,16,1
54,9,16,2
54,1,17,1
54,2,17,1
54,3,17,2
54,4,17,2
54,5,17,2
54,6,17,1
54,7,17,1
54,8,17,1
54,9,17,3
54,1,18,2
54,2,18,2
54,3,18,2
54,4,18,3
54,5,18,3
54,6,18,1
54,7,18,3
54,8,18,1
54,9,18,2
55,1,1,2
55,2,1,3
55,3,1,2
55,4,1,1
55,5,1,3
55,6,1,2
55,7,1,3
55,8,1,4
55,9,1,3
55,1,5,3
55,2,5,3
55,3,5,3
55,4,5,4
55,5,5,3
55,6,5,4
55,7,5,4
55,8,5,4
55,9,5,4
55,1,10,3
55,2,10,4
55,3,10,3
55,4,10,3
55,5,10,4
55,6,10,4
55,7,10,4
55,8,10,4
55,9,10,4
55,1,17,4
55,2,17,1
55,3,17,4
55,4,17,4
55,5,17,3
55,6,17,4
55,7,17,4
55,8,17,4
55,9,17,4
55,1,18,3
55,2,18,3
55,3,18,3
55,4,18,3
55,5,18,3
55,6,18,3
55,7,18,3
55,8,18,3
55,9,18,3
56,1,6,3
56,2,6,3
56,3,6,3
56,4,6,4
56,5,6,3
56,6,6,3
56,7,6,3
56,8,6,3
56,9,6,3
56,1,8,3
56,2,8,3
56,3,8,3
56,4,8,1
56,5,8,3
56,6,8,3
56,7,8,3
56,8,8,3
56,9,8,4
56,1,12,4
56,2,12,4
56,3,12,4
56,4,12,3
56,5,12,4
56,6,12,4
56,7,12,3
56,8,12,3
56,9,12,3
56,1,17,3
56,2,17,3
56,3,17,4
56,4,17,4
56,5,17,3
56,6,17,3
56,7,17,4
56,8,17,3
56,9,17,4
56,1,18,4
56,2,18,4
56,3,18,4
56,4,18,4
56,5,18,4
56,6,18,4
56,7,18,4
56,8,18,4
56,9,18,3
57,1,2,2
57,2,2,3
57,3,2,2
57,4,2,3
57,5,2,4
57,6,2,3
57,7,2,4
57,8,2,3
57,9,2,4
57,1,9,3
57,2,9,2
57,3,9,3
57,4,9,3
57,5,9,3
57,6,9,2
57,7,9,4
57,8,9,4
57,9,9,4
57,1,14,4
57,2,14,4
57,3,14,3
57,4,14,3
57,5,14,4
57,6,14,4
57,7,14,3
57,8,14,4
57,9,14,4
57,1,17,4
57,2,17,4
57,3,17,4
57,4,17,2
57,5,17,3
57,6,17,4
57,7,17,4
57,8,17,4
57,9,17,4
57,1,18,3
57,2,18,3
57,3,18,2
57,4,18,2
57,5,18,2
57,6,18,2
57,7,18,3
57,8,18,2
57,9,18,4
58,1,4,3
58,2,4,4
58,3,4,3
58,4,4,4
58,5,4,4
58,6,4,3
58,7,4,4
58,8,4,3
58,9,4,3
58,1,11,3
58,2,11,3
58,3,11,2
58,4,11,3
58,5,11,3
58,6,11,2
58,7,11,4
58,8,11,3
58,9,11,3
58,1,13,3
58,2,13,3
58,3,13,2
58,4,13,3
58,5,13,4
58,6,13,3
58,7,13,4
58,8,13,4
58,9,13,4
58,1,17,4
58,2,17,1
58,3,17,3
58,4,17,4
58,5,17,3
58,6,17,4
58,7,17,3
58,8,17,3
58,9,17,4
58,1,18,3
58,2,18,4
58,3,18,2
58,4,18,2
58,5,18,3
58,6,18,3
58,7,18,3
58,8,18,3
58,9,18,3
59,1,3,2
59,2,3,3
59,3,3,2
59,4,3,1
59,5,3,3
59,6,3,3
59,7,3,4
59,8,3,4
59,9,3,4
59,1,7,3
59,2,7,4
59,3,7,3
59,4,7,1
59,5,7,4
59,6,7,4
59,7,7,4
59,8,7,3
59,9,7,4
59,1,15,3
59,2,15,2
59,3,15,2
59,4,15,3
59,5,15,2
59,6,15,3
59,7,15,4
59,8,15,3
59,9,15,3
59,1,17,1
59,2,17,2
59,3,17,2
59,4,17,1
59,5,17,2
59,6,17,1
59,7,17,4
59,8,17,4
59,9,17,4
59,1,18,3
59,2,18,2
59,3,18,3
59,4,18,3
59,5,18,3
59,6,18,4
59,7,18,3
59,8,18,3
59,9,18,3
60,1,1,2
60,2,1,2
60,3,1,2
60,4,1,2
60,5,1,2
60,6,1,2
60,7,1,3
60,8,1,3
60,9,1,3
60,1,10,3
60,2,10,3
60,3,10,4
60,4,10,1
60,5,10,4
60,6,10,4
60,7,10,4
60,8,10,4
60,9,10,4
60,1,16,4
60,2,16,2
60,3,16,3
60,4,16,3
60,5,16,2
60,6,16,3
60,7,16,4
60,8,16,3
60,9,16,3
60,1,17,3
60,2,17,4
60,3,17,3
60,4,17,3
60,5,17,4
60,6,17,4
60,7,17,3
60,8,17,4
60,9,17,4
60,1,18,3
60,2,18,3
60,3,18,3
60,4,18,2
60,5,18,4
60,6,18,4
60,7,18,3
60,8,18,3
60,9,18,4
61,1,5,3
61,2,5,2
61,3,5,2
61,4,5,2
61,5,5,4
61,6,5,4
61,7,5,3
61,8,5,3
61,9,5,3
61,1,6,2
61,2,6,3
61,3,6,3
61,4,6,4
61,5,6,2
61,6,6,3
61,7,6,4
61,8,6,3
61,9,6,3
61,1,8,3
61,2,8,2
61,3,8,2
61,4,8,1
61,5,8,2
61,6,8,3
61,7,8,3
61,8,8,3
61,9,8,3
61,1,17,4
61,2,17,3
61,3,17,4
61,4,17,2
61,5,17,3
61,6,17,3
61,7,17,4
61,8,17,4
61,9,17,4
61,1,18,2
61,2,18,4
61,3,18,2
61,4,18,3
61,5,18,2
61,6,18,2
61,7,18,2
61,8,18,3
61,9,18,2
62,1,9,4
62,2,9,3
62,3,9,3
62,4,9,3
62,5,9,4
62,6,9,4
62,7,9,4
62,8,9,4
62,9,9,4
62,1,12,3
62,2,12,3
62,3,12,3
62,4,12,2
62,5,12,3
62,6,12,3
62,7,12,3
62,8,12,3
62,9,12,3
62,1,14,3
62,2,14,4
62,3,14,3
62,4,14,4
62,5,14,4
62,6,14,4
62,7,14,4
62,8,14,4
62,9,14,4
62,1,17,3
62,2,17,3
62,3,17,2
62,4,17,4
62,5,17,3
62,6,17,3
62,7,17,3
62,8,17,4
62,9,17,4
62,1,18,3
62,2,18,4
62,3,18,3
62,4,18,3
62,5,18,4
62,6,18,3
62,7,18,4
62,8,18,3
62,9,18,4
63,1,2,2
63,2,2,4
63,3,2,4
63,4,2,3
63,5,2,4
63,6,2,3
63,7,2,4
63,8,2,3
63,9,2,4
63,1,4,4
63,2,4,4
63,3,4,3
63,4,4,2
63,5,4,4
63,6,4,3
63,7,4,3
63,8,4,3
63,9,4,3
63,1,11,4
63,2,11,4
63,3,11,4
63,4,11,4
63,5,11,4
63,6,11,3
63,7,11,3
63,8,11,4
63,9,11,3
63,1,17,4
63,2,17,2
63,3,17,4
63,4,17,3
63,5,17,3
63,6,17,3
63,7,17,4
63,8,17,3
63,9,17,4
63,1,18,3
63,2,18,3
63,3,18,3
63,4,18,4
63,5,18,4
63,6,18,3
63,7,18,3
63,8,18,2
63,9,18,3
64,1,7,2
64,2,7,3
64,3,7,2
64,4,7,3
64,5,7,3
64,6,7,1
64,7,7,4
64,8,7,3
64,9,7,4
64,1,13,2
64,2,13,3
64,3,13,1
64,4,13,3
64,5,13,4
64,6,13,3
64,7,13,4
64,8,13,4
64,9,13,4
64,1,15,3
64,2,15,3
64,3,15,2
64,4,15,3
64,5,15,3
64,6,15,3
64,7,15,4
64,8,15,4
64,9,15,4
64,1,17,3
64,2,17,3
64,3,17,3
64,4,17,3
64,5,17,4
64,6,17,4
64,7,17,4
64,8,17,4
64,9,17,4
64,1,18,3
64,2,18,3
64,3,18,2
64,4,18,3
64,5,18,3
64,6,18,3
64,7,18,3
64,8,18,3
64,9,18,4
65,1,8,1
65,2,8,2
65,3,8,2
65,4,8,1
65,5,8,1
65,6,8,1
65,7,8,3
65,8,8,2
65,9,8,2
65,1,11,2
65,2,11,2
65,3,11,2
65,4,11,1
65,5,11,2
65,6,11,1
65,7,11,3
65,8,11,2
65,9,11,2
65,1,15,3
65,2,15,3
65,3,15,3
65,4,15,2
65,5,15,3
65,6,15,3
65,7,15,4
65,8,15,4
65,9,15,4
65,1,17,3
65,2,17,4
65,3,17,4
65,4,17,3
65,5,17,4
65,6,17,4
65,7,17,4
65,8,17,4
65,9,17,4
65,1,18,2
65,2,18,2
65,3,18,2
65,4,18,1
65,5,18,3
65,6,18,2
65,7,18,2
65,8,18,3
65,9,18,3
66,1,3,3
66,2,3,3
66,3,3,3
66,4,3,1
66,5,3,3
66,6,3,3
66,7,3,4
66,8,3,4
66,9,3,4
66,1,7,3
66,2,7,3
66,3,7,3
66,4,7,3
66,5,7,3
66,6,7,3
66,7,7,4
66,8,7,3
66,9,7,4
66,1,16,3
66,2,16,3
66,3,16,2
66,4,16,3
66,5,16,2
66,6,16,2
66,7,16,4
66,8,16,3
66,9,16,3
66,1,17,4
66,2,17,4
66,3,17,4
66,4,17,3
66,5,17,4
66,6,17,3
66,7,17,4
66,8,17,3
66,9,17,4
66,1,18,3
66,2,18,4
66,3,18,2
66,4,18,3
66,5,18,3
66,6,18,3
66,7,18,3
66,8,18,3
66,9,18,4
67,1,4,4
67,2,4,4
67,3,4,3
67,4,4,1
67,5,4,3
67,6,4,3
67,7,4,2
67,8,4,2
67,9,4,3
67,1,5,3
67,2,5,3
67,3,5,4
67,4,5,2
67,5,5,3
67,6,5,4
67,7,5,4
67,8,5,4
67,9,5,4
67,1,9,4
67,2,9,3
67,3,9,3
67,4,9,2
67,5,9,4
67,6,9,4
67,7,9,4
67,8,9,4
67,9,9,4
67,1,17,4
67,2,17,4
67,3,17,3
67,4,17,3
67,5,17,4
67,6,17,4
67,7,17,3
67,8,17,4
67,9,17,4
67,1,18,3
67,2,18,4
67,3,18,3
67,4,18,3
67,5,18,3
67,6,18,3
67,7,18,3
67,8,18,3
67,9,18,3
68,1,10,3
68,2,10,3
68,3,10,3
68,4,10,3
68,5,10,3
68,6,10,3
68,7,10,4
68,8,10,4
68,9,10,4
68,1,12,3
68,2,12,3
68,3,12,2
68,4,12,3
68,5,12,3
68,6,12,3
68,7,12,3
68,8,12,3
68,9,12,3
68,1,13,2
68,2,13,4
68,3,13,3
68,4,13,3
68,5,13,4
68,6,13,4
68,7,13,4
68,8,13,3
68,9,13,4
68,1,17,4
68,2,17,4
68,3,17,4
68,4,17,4
68,5,17,4
68,6,17,4
68,7,17,4
68,8,17,4
68,9,17,4
68,1,18,3
68,2,18,3
68,3,18,4
68,4,18,3
68,5,18,3
68,6,18,3
68,7,18,3
68,8,18,3
68,9,18,4
69,1,2,2
69,2,2,3
69,3,2,2
69,4,2,3
69,5,2,3
69,6,2,3
69,7,2,3
69,8,2,3
69,9,2,4
69,1,6,3
69,2,6,4
69,3,6,3
69,4,6,4
69,5,6,3
69,6,6,4
69,7,6,3
69,8,6,3
69,9,6,3
69,1,14,4
69,2,14,4
69,3,14,3
69,4,14,3
69,5,14,4
69,6,14,4
69,7,14,3
69,8,14,4
69,9,14,4
69,1,17,2
69,2,17,3
69,3,17,2
69,4,17,2
69,5,17,2
69,6,17,2
69,7,17,3
69,8,17,3
69,9,17,4
69,1,18,3
69,2,18,3
69,3,18,3
69,4,18,3
69,5,18,4
69,6,18,3
69,7,18,2
69,8,18,3
69,9,18,3
70,1,1,2
70,2,1,2
70,3,1,2
70,4,1,4
70,5,1,4
70,6,1,2
70,7,1,4
70,8,1,4
70,9,1,4
70,1,8,2
70,2,8,2
70,3,8,2
70,4,8,1
70,5,8,2
70,6,8,3
70,7,8,4
70,8,8,3
70,9,8,3
70,1,15,3
70,2,15,2
70,3,15,3
70,4,15,2
70,5,15,3
70,6,15,3
70,7,15,3
70,8,15,4
70,9,15,3
70,1,17,4
70,2,17,1
70,3,17,2
70,4,17,3
70,5,17,2
70,6,17,3
70,7,17,4
70,8,17,4
70,9,17,4
70,1,18,3
70,2,18,3
70,3,18,3
70,4,18,3
70,5,18,4
70,6,18,3
70,7,18,3
70,8,18,2
70,9,18,2
71,1,3,2
71,2,3,2
71,3,3,4
71,4,3,4
71,5,3,2
71,6,3,3
71,7,3,4
71,8,3,4
71,9,3,4
71,1,11,3
71,2,11,2
71,3,11,2
71,4,11,2
71,5,11,2
71,6,11,2
71,7,11,3
71,8,11,3
71,9,11,2
71,1,16,2
71,2,16,2
71,3,16,3
71,4,16,2
71,5,16,2
71,6,16,3
71,7,16,4
71,8,16,3
71,9,16,3
71,1,17,1
71,2,17,1
71,3,17,1
71,4,17,1
71,5,17,1
71,6,17,1
71,7,17,4
71,8,17,4
71,9,17,4
71,1,18,3
71,2,18,3
71,3,18,2
71,4,18,4
71,5,18,4
71,6,18,3
71,7,18,3
71,8,18,3
71,9,18,4
72,1,4,3
72,2,4,3
72,3,4,3
72,4,4,4
72,5,4,3
72,6,4,4
72,7,4,4
72,8,4,3
72,9,4,3
72,1,7,3
72,2,7,3
72,3,7,3
72,4,7,3
72,5,7,4
72,6,7,4
72,7,7,4
72,8,7,4
72,9,7,3
72,1,9,4
72,2,9,4
72,3,9,4
72,4,9,3
72,5,9,4
72,6,9,4
72,7,9,4
72,8,9,4
72,9,9,4
72,1,17,4
72,2,17,4
72,3,17,4
72,4,17,4
72,5,17,4
72,6,17,4
72,7,17,4
72,8,17,4
72,9,17,4
72,1,18,3
72,2,18,3
72,3,18,3
72,4,18,4
72,5,18,3
72,6,18,3
72,7,18,3
72,8,18,3
72,9,18,4
73,1,5,3
73,2,5,3
73,3,5,3
73,4,5,3
73,5,5,3
73,6,5,3
73,7,5,2
73,8,5,3
73,9,5,3
73,1,12,4
73,2,12,4
73,3,12,4
73,4,12,3
73,5,12,3
73,6,12,3
73,7,12,3
73,8,12,3
73,9,12,3
73,1,13,2
73,2,13,4
73,3,13,3
73,4,13,2
73,5,13,3
73,6,13,3
73,7,13,4
73,8,13,3
73,9,13,4
73,1,17,3
73,2,17,4
73,3,17,4
73,4,17,2
73,5,17,3
73,6,17,4
73,7,17,4
73,8,17,4
73,9,17,4
73,1,18,3
73,2,18,3
73,3,18,2
73,4,18,3
73,5,18,3
73,6,18,3
73,7,18,4
73,8,18,2
73,9,18,3
74,1,2,3
74,2,2,4
74,3,2,3
74,4,2,3
74,5,2,3
74,6,2,4
74,7,2,4
74,8,2,3
74,9,2,4
74,1,10,3
74,2,10,3
74,3,10,3
74,4,10,1
74,5,10,2
74,6,10,3
74,7,10,4
74,8,10,2
74,9,10,4
74,1,14,4
74,2,14,4
74,3,14,3
74,4,14,4
74,5,14,4
74,6,14,4
74,7,14,4
74,8,14,4
74,9,14,4
74,1,17,4
74,2,17,3
74,3,17,3
74,4,17,4
74,5,17,4
74,6,17,3
74,7,17,4
74,8,17,3
74,9,17,4
74,1,18,4
74,2,18,2
74,3,18,2
74,4,18,3
74,5,18,3
74,6,18,3
74,7,18,2
74,8,18,3
74,9,18,4
75,1,1,2
75,2,1,3
75,3,1,2
75,4,1,3
75,5,1,3
75,6,1,2
75,7,1,3
75,8,1,3
75,9,1,3
75,1,6,3
75,2,6,3
75,3,6,3
75,4,6,4
75,5,6,3
75,6,6,3
75,7,6,4
75,8,6,3
75,9,6,3
75,1,8,3
75,2,8,2
75,3,8,2
75,4,8,3
75,5,8,2
75,6,8,3
75,7,8,3
75,8,8,3
75,9,8,3
75,1,17,3
75,2,17,1
75,3,17,2
75,4,17,3
75,5,17,2
75,6,17,2
75,7,17,4
75,8,17,3
75,9,17,4
75,1,18,3
75,2,18,3
75,3,18,2
75,4,18,3
75,5,18,3
75,6,18,3
75,7,18,3
75,8,18,2
75,9,18,3
76,1,11,3
76,2,11,3
76,3,11,3
76,4,11,2
76,5,11,3
76,6,11,2
76,7,11,3
76,8,11,3
76,9,11,3
76,1,15,3
76,2,15,3
76,3,15,3
76,4,15,3
76,5,15,3
76,6,15,3
76,7,15,4
76,8,15,3
76,9,15,4
76,1,16,3
76,2,16,3
76,3,16,3
76,4,16,2
76,5,16,3
76,6,16,2
76,7,16,3
76,8,16,2
76,9,16,3
76,1,17,2
76,2,17,3
76,3,17,3
76,4,17,1
76,5,17,3
76,6,17,3
76,7,17,3
76,8,17,4
76,9,17,4
76,1,18,3
76,2,18,3
76,3,18,3
76,4,18,2
76,5,18,3
76,6,18,3
76,7,18,3
76,8,18,2
76,9,18,3
77,1,3,4
77,2,3,4
77,3,3,4
77,4,3,4
77,5,3,4
77,6,3,4
77,7,3,4
77,8,3,4
77,9,3,4
77,1,4,2
77,2,4,3
77,3,4,3
77,4,4,3
77,5,4,2
77,6,4,2
77,7,4,3
77,8,4,2
77,9,4,3
77,1,7,3
77,2,7,3
77,3,7,3
77,4,7,3
77,5,7,3
77,6,7,3
77,7,7,4
77,8,7,4
77,9,7,4
77,1,17,3
77,2,17,4
77,3,17,4
77,4,17,3
77,5,17,4
77,6,17,4
77,7,17,4
77,8,17,4
77,9,17,4
77,1,18,3
77,2,18,3
77,3,18,2
77,4,18,4
77,5,18,3
77,6,18,3
77,7,18,3
77,8,18,3
77,9,18,3
78,1,5,3
78,2,5,3
78,3,5,2
78,4,5,3
78,5,5,3
78,6,5,3
78,7,5,3
78,8,5,3
78,9,5,3
78,1,9,4
78,2,9,2
78,3,9,3
78,4,9,3
78,5,9,3
78,6,9,4
78,7,9,3
78,8,9,4
78,9,9,4
78,1,12,3
78,2,12,3
78,3,12,3
78,4,12,4
78,5,12,3
78,6,12,3
78,7,12,3
78,8,12,3
78,9,12,3
78,1,17,2
78,2,17,1
78,3,17,2
78,4,17,1
78,5,17,3
78,6,17,4
78,7,17,4
78,8,17,3
78,9,17,4
78,1,18,3
78,2,18,3
78,3,18,3
78,4,18,3
78,5,18,3
78,6,18,3
78,7,18,4
78,8,18,2
78,9,18,4
79,1,2,2
79,2,2,4
79,3,2,2
79,4,2,3
79,5,2,4
79,6,2,4
79,7,2,4
79,8,2,3
79,9,2,4
79,1,10,3
79,2,10,3
79,3,10,4
79,4,10,1
79,5,10,4
79,6,10,4
79,7,10,4
79,8,10,2
79,9,10,4
79,1,13,2
79,2,13,1
79,3,13,2
79,4,13,1
79,5,13,3
79,6,13,1
79,7,13,4
79,8,13,2
79,9,13,4
79,1,17,2
79,2,17,1
79,3,17,2
79,4,17,4
79,5,17,2
79,6,17,3
79,7,17,4
79,8,17,4
79,9,17,4
79,1,18,3
79,2,18,3
79,3,18,3
79,4,18,2
79,5,18,4
79,6,18,3
79,7,18,3
79,8,18,3
79,9,18,3
80,1,1,2
80,2,1,3
80,3,1,2
80,4,1,2
80,5,1,4
80,6,1,1
80,7,1,4
80,8,1,4
80,9,1,4
80,1,6,3
80,2,6,3
80,3,6,3
80,4,6,4
80,5,6,3
80,6,6,3
80,7,6,3
80,8,6,3
80,9,6,4
80,1,14,4
80,2,14,4
80,3,14,3
80,4,14,4
80,5,14,4
80,6,14,4
80,7,14,4
80,8,14,4
80,9,14,4
80,1,17,4
80,2,17,3
80,3,17,3
80,4,17,4
80,5,17,4
80,6,17,4
80,7,17,4
80,8,17,4
80,9,17,4
80,1,18,3
80,2,18,3
80,3,18,2
80,4,18,3
80,5,18,3
80,6,18,4
80,7,18,4
80,8,18,4
80,9,18,4
81,1,3,3
81,2,3,3
81,3,3,3
81,4,3,4
81,5,3,4
81,6,3,4
81,7,3,4
81,8,3,4
81,9,3,4
81,1,4,3
81,2,4,2
81,3,4,2
81,4,4,3
81,5,4,3
81,6,4,3
81,7,4,3
81,8,4,3
81,9,4,3
81,1,14,3
81,2,14,3
81,3,14,3
81,4,14,3
81,5,14,4
81,6,14,4
81,7,14,4
81,8,14,4
81,9,14,4
81,1,17,4
81,2,17,4
81,3,17,4
81,4,17,4
81,5,17,4
81,6,17,4
81,7,17,4
81,8,17,4
81,9,17,4
81,1,18,4
81,2,18,4
81,3,18,4
81,4,18,4
81,5,18,3
81,6,18,4
81,7,18,4
81,8,18,4
81,9,18,4
82,1,11,3
82,2,11,3
82,3,11,3
82,4,11,2
82,5,11,2
82,6,11,2
82,7,11,3
82,8,11,3
82,9,11,3
82,1,12,3
82,2,12,4
82,3,12,4
82,4,12,4
82,5,12,4
82,6,12,4
82,7,12,3
82,8,12,3
82,9,12,3
82,1,16,4
82,2,16,4
82,3,16,4
82,4,16,4
82,5,16,4
82,6,16,4
82,7,16,3
82,8,16,3
82,9,16,4
82,1,17,2
82,2,17,2
82,3,17,3
82,4,17,2
82,5,17,4
82,6,17,2
82,7,17,3
82,8,17,3
82,9,17,4
82,1,18,4
82,2,18,3
82,3,18,4
82,4,18,2
82,5,18,4
82,6,18,3
82,7,18,4
82,8,18,4
82,9,18,4
83,1,1,2
83,2,1,3
83,3,1,3
83,4,1,3
83,5,1,3
83,6,1,3
83,7,1,4
83,8,1,4
83,9,1,1
83,1,6,3
83,2,6,3
83,3,6,2
83,4,6,4
83,5,6,3
83,6,6,3
83,7,6,3
83,8,6,3
83,9,6,3
83,1,10,3
83,2,10,3
83,3,10,4
83,4,10,3
83,5,10,3
83,6,10,4
83,7,10,4
83,8,10,4
83,9,10,4
83,1,17,3
83,2,17,3
83,3,17,2
83,4,17,3
83,5,17,4
83,6,17,4
83,7,17,4
83,8,17,4
83,9,17,4
83,1,18,3
83,2,18,3
83,3,18,2
83,4,18,3
83,5,18,4
83,6,18,3
83,7,18,3
83,8,18,3
83,9,18,4
84,1,2,2
84,2,2,4
84,3,2,3
84,4,2,4
84,5,2,4
84,6,2,3
84,7,2,3
84,8,2,3
84,9,2,4
84,1,5,3
84,2,5,3
84,3,5,2
84,4,5,2
84,5,5,3
84,6,5,3
84,7,5,3
84,8,5,3
84,9,5,3
84,1,8,3
84,2,8,3
84,3,8,4
84,4,8,1
84,5,8,3
84,6,8,3
84,7,8,3
84,8,8,3
84,9,8,4
84,1,17,4
84,2,17,4
84,3,17,3
84,4,17,4
84,5,17,4
84,6,17,4
84,7,17,3
84,8,17,4
84,9,17,4
84,1,18,4
84,2,18,4
84,3,18,3
84,4,18,4
84,5,18,4
84,6,18,3
84,7,18,3
84,8,18,4
84,9,18,4
85,1,9,4
85,2,9,3
85,3,9,3
85,4,9,4
85,5,9,4
85,6,9,4
85,7,9,3
85,8,9,4
85,9,9,4
85,1,13,2
85,2,13,3
85,3,13,2
85,4,13,3
85,5,13,4
85,6,13,3
85,7,13,4
85,8,13,4
85,9,13,4
85,1,15,3
85,2,15,3
85,3,15,3
85,4,15,4
85,5,15,3
85,6,15,3
85,7,15,4
85,8,15,4
85,9,15,4
85,1,17,4
85,2,17,4
85,3,17,4
85,4,17,3
85,5,17,4
85,6,17,4
85,7,17,4
85,8,17,4
85,9,17,4
85,1,18,3
85,2,18,4
85,3,18,2
85,4,18,4
85,5,18,4
85,6,18,3
85,7,18,4
85,8,18,4
85,9,18,4
86,1,3,4
86,2,3,3
86,3,3,3
86,4,3,3
86,5,3,4
86,6,3,4
86,7,3,4
86,8,3,4
86,9,3,4
86,1,4,2
86,2,4,2
86,3,4,2
86,4,4,1
86,5,4,3
86,6,4,3
86,7,4,2
86,8,4,2
86,9,4,3
86,1,7,2
86,2,7,3
86,3,7,4
86,4,7,3
86,5,7,3
86,6,7,1
86,7,7,3
86,8,7,4
86,9,7,4
86,1,17,4
86,2,17,4
86,3,17,3
86,4,17,4
86,5,17,4
86,6,17,4
86,7,17,3
86,8,17,4
86,9,17,4
86,1,18,3
86,2,18,3
86,3,18,3
86,4,18,2
86,5,18,2
86,6,18,3
86,7,18,3
86,8,18,2
86,9,18,3
87,1,11,4
87,2,11,3
87,3,11,3
87,4,11,3
87,5,11,3
87,6,11,3
87,7,11,3
87,8,11,4
87,9,11,3
87,1,14,3
87,2,14,3
87,3,14,3
87,4,14,1
87,5,14,3
87,6,14,3
87,7,14,4
87,8,14,4
87,9,14,4
87,1,16,4
87,2,16,4
87,3,16,3
87,4,16,3
87,5,16,3
87,6,16,3
87,7,16,4
87,8,16,3
87,9,16,4
87,1,17,3
87,2,17,1
87,3,17,4
87,4,17,3
87,5,17,3
87,6,17,4
87,7,17,4
87,8,17,4
87,9,17,4
87,1,18,4
87,2,18,4
87,3,18,3
87,4,18,2
87,5,18,3
87,6,18,3
87,7,18,3
87,8,18,3
87,9,18,4
88,1,6,2
88,2,6,3
88,3,6,3
88,4,6,3
88,5,6,2
88,6,6,3
88,7,6,3
88,8,6,4
88,9,6,3
88,1,10,3
88,2,10,3
88,3,10,4
88,4,10,1
88,5,10,3
88,6,10,3
88,7,10,4
88,8,10,4
88,9,10,4
88,1,12,3
88,2,12,3
88,3,12,3
88,4,12,3
88,5,12,3
88,6,12,3
88,7,12,3
88,8,12,3
88,9,12,3
88,1,17,3
88,2,17,3
88,3,17,3
88,4,17,1
88,5,17,3
88,6,17,4
88,7,17,4
88,8,17,4
88,9,17,4
88,1,18,3
88,2,18,3
88,3,18,2
88,4,18,3
88,5,18,4
88,6,18,3
88,7,18,3
88,8,18,4
88,9,18,4
89,1,1,1
89,2,1,1
89,3,1,3
89,4,1,1
89,5,1,2
89,6,1,2
89,7,1,3
89,8,1,3
89,9,1,3
89,1,2,4
89,2,2,2
89,3,2,2
89,4,2,3
89,5,2,3
89,6,2,3
89,7,2,4
89,8,2,4
89,9,2,4
89,1,8,2
89,2,8,1
89,3,8,2
89,4,8,2
89,5,8,2
89,6,8,1
89,7,8,3
89,8,8,2
89,9,8,3
89,1,17,1
89,2,17,1
89,3,17,2
89,4,17,3
89,5,17,1
89,6,17,1
89,7,17,4
89,8,17,3
89,9,17,2
89,1,18,3
89,2,18,3
89,3,18,3
89,4,18,3
89,5,18,3
89,6,18,3
89,7,18,3
89,8,18,2
89,9,18,3
90,1,5,3
90,2,5,3
90,3,5,3
90,4,5,4
90,5,5,3
90,6,5,3
90,7,5,3
90,8,5,3
90,9,5,4
90,1,9,3
90,2,9,4
90,3,9,4
90,4,9,4
90,5,9,4
90,6,9,4
90,7,9,4
90,8,9,4
90,9,9,4
90,1,13,2
90,2,13,3
90,3,13,2
90,4,13,3
90,5,13,3
90,6,13,3
90,7,13,3
90,8,13,4
90,9,13,4
90,1,17,4
90,2,17,4
90,3,17,4
90,4,17,4
90,5,17,4
90,6,17,4
90,7,17,4
90,8,17,4
90,9,17,4
90,1,18,3
90,2,18,4
90,3,18,2
90,4,18,4
90,5,18,4
90,6,18,3
90,7,18,3
90,8,18,1
90,9,18,3
91,1,4,4
91,2,4,4
91,3,4,3
91,4,4,3
91,5,4,4
91,6,4,4
91,7,4,4
91,8,4,3
91,9,4,3
91,1,7,4
91,2,7,3
91,3,7,4
91,4,7,3
91,5,7,3
91,6,7,4
91,7,7,4
91,8,7,4
91,9,7,4
91,1,15,4
91,2,15,4
91,3,15,3
91,4,15,4
91,5,15,4
91,6,15,4
91,7,15,4
91,8,15,4
91,9,15,4
91,1,17,3
91,2,17,1
91,3,17,4
91,4,17,4
91,5,17,3
91,6,17,4
91,7,17,4
91,8,17,4
91,9,17,4
91,1,18,3
91,2,18,3
91,3,18,2
91,4,18,2
91,5,18,3
91,6,18,3
91,7,18,4
91,8,18,3
91,9,18,3
92,1,3,4
92,2,3,3
92,3,3,3
92,4,3,4
92,5,3,4
92,6,3,4
92,7,3,4
92,8,3,4
92,9,3,4
92,1,11,3
92,2,11,4
92,3,11,3
92,4,11,3
92,5,11,3
92,6,11,3
92,7,11,4
92,8,11,3
92,9,11,3
92,1,14,3
92,2,14,3
92,3,14,4
92,4,14,3
92,5,14,4
92,6,14,4
92,7,14,4
92,8,14,4
92,9,14,4
92,1,17,4
92,2,17,4
92,3,17,4
92,4,17,3
92,5,17,4
92,6,17,4
92,7,17,4
92,8,17,4
92,9,17,4
92,1,18,3
92,2,18,3
92,3,18,2
92,4,18,3
92,5,18,4
92,6,18,3
92,7,18,3
92,8,18,3
92,9,18,3
93,1,6,3
93,2,6,2
93,3,6,2
93,4,6,3
93,5,6,3
93,6,6,3
93,7,6,4
93,8,6,4
93,9,6,3
93,1,12,3
93,2,12,3
93,3,12,3
93,4,12,3
93,5,12,3
93,6,12,3
93,7,12,3
93,8,12,3
93,9,12,2
93,1,16,3
93,2,16,2
93,3,16,4
93,4,16,3
93,5,16,2
93,6,16,3
93,7,16,4
93,8,16,3
93,9,16,3
93,1,17,4
93,2,17,3
93,3,17,4
93,4,17,4
93,5,17,3
93,6,17,3
93,7,17,4
93,8,17,4
93,9,17,4
93,1,18,4
93,2,18,3
93,3,18,3
93,4,18,2
93,5,18,3
93,6,18,3
93,7,18,4
93,8,18,4
93,9,18,4
94,1,1,1
94,2,1,2
94,3,1,2
94,4,1,4
94,5,1,2
94,6,1,3
94,7,1,3
94,8,1,4
94,9,1,3
94,1,8,3
94,2,8,1
94,3,8,2
94,4,8,1
94,5,8,1
94,6,8,1
94,7,8,3
94,8,8,3
94,9,8,3
94,1,10,3
94,2,10,3
94,3,10,4
94,4,10,3
94,5,10,3
94,6,10,3
94,7,10,4
94,8,10,4
94,9,10,4
94,1,17,2
94,2,17,1
94,3,17,2
94,4,17,2
94,5,17,2
94,6,17,3
94,7,17,4
94,8,17,4
94,9,17,4
94,1,18,4
94,2,18,4
94,3,18,2
94,4,18,4
94,5,18,3
94,6,18,3
94,7,18,4
94,8,18,4
94,9,18,4
95,1,2,3
95,2,2,3
95,3,2,2
95,4,2,3
95,5,2,2
95,6,2,3
95,7,2,4
95,8,2,4
95,9,2,4
95,1,5,4
95,2,5,3
95,3,5,2
95,4,5,4
95,5,5,4
95,6,5,4
95,7,5,3
95,8,5,4
95,9,5,4
95,1,13,2
95,2,13,3
95,3,13,2
95,4,13,3
95,5,13,4
95,6,13,4
95,7,13,4
95,8,13,3
95,9,13,4
95,1,17,3
95,2,17,2
95,3,17,2
95,4,17,2
95,5,17,2
95,6,17,2
95,7,17,4
95,8,17,4
95,9,17,4
95,1,18,3
95,2,18,4
95,3,18,3
95,4,18,4
95,5,18,4
95,6,18,4
95,7,18,3
95,8,18,3
95,9,18,4
96,1,7,3
96,2,7,4
96,3,7,3
96,4,7,3
96,5,7,3
96,6,7,4
96,7,7,4
96,8,7,4
96,9,7,4
96,1,9,3
96,2,9,3
96,3,9,3
96,4,9,3
96,5,9,4
96,6,9,4
96,7,9,4
96,8,9,4
96,9,9,4
96,1,15,4
96,2,15,4
96,3,15,3
96,4,15,3
96,5,15,4
96,6,15,3
96,7,15,4
96,8,15,4
96,9,15,4
96,1,17,4
96,2,17,4
96,3,17,4
96,4,17,3
96,5,17,4
96,6,17,4
96,7,17,4
96,8,17,4
96,9,17,4
96,1,18,4
96,2,18,4
96,3,18,3
96,4,18,3
96,5,18,3
96,6,18,3
96,7,18,4
96,8,18,4
96,9,18,4
97,1,6,3
97,2,6,3
97,3,6,3
97,4,6,1
97,5,6,2
97,6,6,3
97,7,6,3
97,8,6,3
97,9,6,3
97,1,13,1
97,2,13,3
97,3,13,2
97,4,13,2
97,5,13,4
97,6,13,3
97,7,13,4
97,8,13,4
97,9,13,4
97,1,14,2
97,2,14,2
97,3,14,3
97,4,14,1
97,5,14,2
97,6,14,3
97,7,14,3
97,8,14,3
97,9,14,3
97,1,17,2
97,2,17,1
97,3,17,1
97,4,17,1
97,5,17,1
97,6,17,2
97,7,17,4
97,8,17,3
97,9,17,4
97,1,18,4
97,2,18,4
97,3,18,3
97,4,18,3
97,5,18,4
97,6,18,4
97,7,18,3
97,8,18,4
97,9,18,4
98,1,3,4
98,2,3,3
98,3,3,3
98,4,3,3
98,5,3,2
98,6,3,3
98,7,3,4
98,8,3,2
98,9,3,3
98,1,8,3
98,2,8,3
98,3,8,2
98,4,8,3
98,5,8,3
98,6,8,2
98,7,8,4
98,8,8,3
98,9,8,4
98,1,15,3
98,2,15,3
98,3,15,3
98,4,15,4
98,5,15,4
98,6,15,3
98,7,15,3
98,8,15,3
98,9,15,4
98,1,17,2
98,2,17,2
98,3,17,3
98,4,17,2
98,5,17,3
98,6,17,4
98,7,17,4
98,8,17,4
98,9,17,4
98,1,18,3
98,2,18,2
98,3,18,3
98,4,18,3
98,5,18,3
98,6,18,3
98,7,18,3
98,8,18,2
98,9,18,3
99,1,1,1
99,2,1,1
99,3,1,2
99,4,1,2
99,5,1,2
99,6,1,3
99,7,1,3
99,8,1,4
99,9,1,4
99,1,10,1
99,2,10,3
99,3,10,3
99,4,10,1
99,5,10,2
99,6,10,1
99,7,10,4
99,8,10,2
99,9,10,1
99,1,11,4
99,2,11,4
99,3,11,3
99,4,11,3
99,5,11,4
99,6,11,4
99,7,11,4
99,8,11,4
99,9,11,3
99,1,17,2
99,2,17,1
99,3,17,2
99,4,17,2
99,5,17,2
99,6,17,2
99,7,17,3
99,8,17,4
99,9,17,3
99,1,18,3
99,2,18,3
99,3,18,2
99,4,18,3
99,5,18,4
99,6,18,3
99,7,18,3
99,8,18,3
99,9,18,3
100,1,5,3
100,2,5,3
100,3,5,2
100,4,5,4
100,5,5,3
100,6,5,4
100,7,5,3
100,8,5,3
100,9,5,3
100,1,9,3
100,2,9,4
100,3,9,4
100,4,9,4
100,5,9,4
100,6,9,4
100,7,9,4
100,8,9,4
100,9,9,4
100,1,12,3
100,2,12,3
100,3,12,3
100,4,12,3
100,5,12,3
100,6,12,3
100,7,12,3
100,8,12,3
100,9,12,3
100,1,17,4
100,2,17,4
100,3,17,4
100,4,17,4
100,5,17,4
100,6,17,4
100,7,17,4
100,8,17,4
100,9,17,4
100,1,18,3
100,2,18,3
100,3,18,2
100,4,18,3
100,5,18,3
100,6,18,3
100,7,18,4
100,8,18,4
100,9,18,3
101,1,4,2
101,2,4,1
101,3,4,2
101,4,4,3
101,5,4,3
101,6,4,2
101,7,4,3
101,8,4,2
101,9,4,3
101,1,7,4
101,2,7,4
101,3,7,3
101,4,7,3
101,5,7,3
101,6,7,3
101,7,7,4
101,8,7,4
101,9,7,4
101,1,16,3
101,2,16,2
101,3,16,2
101,4,16,3
101,5,16,3
101,6,16,3
101,7,16,4
101,8,16,3
101,9,16,3
101,1,17,3
101,2,17,1
101,3,17,2
101,4,17,2
101,5,17,3
101,6,17,2
101,7,17,4
101,8,17,4
101,9,17,4
101,1,18,3
101,2,18,3
101,3,18,4
101,4,18,3
101,5,18,3
101,6,18,3
101,7,18,3
101,8,18,3
101,9,18,3
102,1,2,2
102,2,2,4
102,3,2,3
102,4,2,3
102,5,2,4
102,6,2,3
102,7,2,4
102,8,2,4
102,9,2,3
102,1,13,2
102,2,13,3
102,3,13,2
102,4,13,3
102,5,13,4
102,6,13,3
102,7,13,4
102,8,13,4
102,9,13,4
102,1,14,3
102,2,14,3
102,3,14,2
102,4,14,3
102,5,14,4
102,6,14,4
102,7,14,4
102,8,14,3
102,9,14,4
102,1,17,4
102,2,17,3
102,3,17,3
102,4,17,3
102,5,17,3
102,6,17,4
102,7,17,4
102,8,17,4
102,9,17,4
102,1,18,3
102,2,18,3
102,3,18,3
102,4,18,3
102,5,18,3
102,6,18,3
102,7,18,4
102,8,18,2
102,9,18,3
103,1,3,4
103,2,3,3
103,3,3,4
103,4,3,4
103,5,3,4
103,6,3,4
103,7,3,4
103,8,3,4
103,9,3,4
103,1,6,3
103,2,6,3
103,3,6,2
103,4,6,4
103,5,6,3
103,6,6,3
103,7,6,4
103,8,6,3
103,9,6,3
103,1,15,3
103,2,15,3
103,3,15,3
103,4,15,4
103,5,15,3
103,6,15,4
103,7,15,4
103,8,15,4
103,9,15,4
103,1,17,4
103,2,17,2
103,3,17,3
103,4,17,2
103,5,17,2
103,6,17,3
103,7,17,3
103,8,17,3
103,9,17,4
103,1,18,2
103,2,18,3
103,3,18,2
103,4,18,2
103,5,18,3
103,6,18,2
103,7,18,3
103,8,18,1
103,9,18,3
104,1,1,2
104,2,1,3
104,3,1,3
104,4,1,3
104,5,1,2
104,6,1,3
104,7,1,4
104,8,1,4
104,9,1,4
104,1,8,3
104,2,8,2
104,3,8,4
104,4,8,1
104,5,8,3
104,6,8,3
104,7,8,3
104,8,8,3
104,9,8,4
104,1,10,3
104,2,10,3
104,3,10,3
104,4,10,3
104,5,10,3
104,6,10,4
104,7,10,4
104,8,10,4
104,9,10,4
104,1,17,4
104,2,17,1
104,3,17,3
104,4,17,3
104,5,17,3
104,6,17,3
104,7,17,4
104,8,17,4
104,9,17,4
104,1,18,4
104,2,18,4
104,3,18,4
104,4,18,3
104,5,18,3
104,6,18,3
104,7,18,4
104,8,18,4
104,9,18,3
105,1,9,4
105,2,9,4
105,3,9,4
105,4,9,4
105,5,9,4
105,6,9,4
105,7,9,3
105,8,9,4
105,9,9,4
105,1,11,4
105,2,11,3
105,3,11,3
105,4,11,3
105,5,11,3
105,6,11,3
105,7,11,2
105,8,11,3
105,9,11,2
105,1,12,3
105,2,12,4
105,3,12,3
105,4,12,3
105,5,12,3
105,6,12,3
105,7,12,3
105,8,12,3
105,9,12,3
105,1,17,3
105,2,17,4
105,3,17,3
105,4,17,4
105,5,17,4
105,6,17,3
105,7,17,3
105,8,17,3
105,9,17,4
105,1,18,4
105,2,18,4
105,3,18,3
105,4,18,4
105,5,18,4
105,6,18,4
105,7,18,3
105,8,18,3
105,9,18,4
106,1,4,3
106,2,4,2
106,3,4,3
106,4,4,2
106,5,4,3
106,6,4,2
106,7,4,3
106,8,4,3
106,9,4,3
106,1,5,3
106,2,5,3
106,3,5,2
106,4,5,3
106,5,5,4
106,6,5,4
106,7,5,3
106,8,5,3
106,9,5,3
106,1,16,3
106,2,16,3
106,3,16,3
106,4,16,3
106,5,16,2
106,6,16,3
106,7,16,4
106,8,16,3
106,9,16,3
106,1,17,2
106,2,17,1
106,3,17,1
106,4,17,2
106,5,17,1
106,6,17,1
106,7,17,4
106,8,17,4
106,9,17,4
106,1,18,3
106,2,18,4
106,3,18,3
106,4,18,4
106,5,18,3
106,6,18,3
106,7,18,3
106,8,18,3
106,9,18,3
107,1,2,2
107,2,2,4
107,3,2,4
107,4,2,3
107,5,2,4
107,6,2,4
107,7,2,4
107,8,2,4
107,9,2,4
107,1,7,4
107,2,7,4
107,3,7,4
107,4,7,4
107,5,7,4
107,6,7,3
107,7,7,4
107,8,7,4
107,9,7,3
107,1,14,4
107,2,14,4
107,3,14,4
107,4,14,2
107,5,14,4
107,6,14,4
107,7,14,4
107,8,14,4
107,9,14,4
107,1,17,4
107,2,17,4
107,3,17,4
107,4,17,4
107,5,17,4
107,6,17,4
107,7,17,4
107,8,17,4
107,9,17,4
107,1,18,4
107,2,18,4
107,3,18,4
107,4,18,4
107,5,18,4
107,6,18,4
107,7,18,4
107,8,18,4
107,9,18,4
108,1,3,4
108,2,3,4
108,3,3,4
108,4,3,3
108,5,3,4
108,6,3,4
108,7,3,4
108,8,3,4
108,9,3,4
108,1,6,4
108,2,6,4
108,3,6,3
108,4,6,4
108,5,6,4
108,6,6,3
108,7,6,4
108,8,6,3
108,9,6,4
108,1,13,2
108,2,13,3
108,3,13,2
108,4,13,3
108,5,13,3
108,6,13,2
108,7,13,4
108,8,13,2
108,9,13,2
108,1,17,4
108,2,17,4
108,3,17,3
108,4,17,4
108,5,17,4
108,6,17,4
108,7,17,4
108,8,17,4
108,9,17,4
108,1,18,4
108,2,18,4
108,3,18,3
108,4,18,2
108,5,18,3
108,6,18,3
108,7,18,4
108,8,18,2
108,9,18,3
109,1,1,2
109,2,1,3
109,3,1,4
109,4,1,1
109,5,1,3
109,6,1,4
109,7,1,3
109,8,1,4
109,9,1,4
109,1,8,4
109,2,8,3
109,3,8,4
109,4,8,4
109,5,8,3
109,6,8,4
109,7,8,3
109,8,8,4
109,9,8,4
109,1,15,3
109,2,15,3
109,3,15,4
109,4,15,4
109,5,15,3
109,6,15,3
109,7,15,4
109,8,15,4
109,9,15,4
109,1,17,4
109,2,17,4
109,3,17,4
109,4,17,4
109,5,17,4
109,6,17,3
109,7,17,4
109,8,17,4
109,9,17,4
109,1,18,4
109,2,18,4
109,3,18,4
109,4,18,4
109,5,18,4
109,6,18,4
109,7,18,4
109,8,18,3
109,9,18,4
110,1,10,3
110,2,10,3
110,3,10,4
110,4,10,2
110,5,10,3
110,6,10,3
110,7,10,4
110,8,10,4
110,9,10,4
110,1,11,3
110,2,11,3
110,3,11,3
110,4,11,2
110,5,11,2
110,6,11,1
110,7,11,3
110,8,11,3
110,9,11,3
110,1,12,3
110,2,12,3
110,3,12,2
110,4,12,2
110,5,12,3
110,6,12,3
110,7,12,4
110,8,12,3
110,9,12,4
110,1,17,4
110,2,17,4
110,3,17,3
110,4,17,4
110,5,17,4
110,6,17,4
110,7,17,4
110,8,17,4
110,9,17,4
110,1,18,3
110,2,18,3
110,3,18,2
110,4,18,3
110,5,18,3
110,6,18,3
110,7,18,3
110,8,18,3
110,9,18,4
111,1,4,3
111,2,4,3
111,3,4,3
111,4,4,3
111,5,4,4
111,6,4,3
111,7,4,3
111,8,4,3
111,9,4,3
111,1,5,4
111,2,5,4
111,3,5,3
111,4,5,2
111,5,5,4
111,6,5,4
111,7,5,4
111,8,5,3
111,9,5,3
111,1,9,4
111,2,9,4
111,3,9,4
111,4,9,4
111,5,9,4
111,6,9,4
111,7,9,4
111,8,9,4
111,9,9,4
111,1,17,4
111,2,17,4
111,3,17,4
111,4,17,4
111,5,17,4
111,6,17,4
111,7,17,4
111,8,17,4
111,9,17,4
111,1,18,3
111,2,18,3
111,3,18,4
111,4,18,4
111,5,18,4
111,6,18,3
111,7,18,4
111,8,18,3
111,9,18,4
112,1,2,2
112,2,2,3
112,3,2,3
112,4,2,4
112,5,2,4
112,6,2,4
112,7,2,4
112,8,2,4
112,9,2,4
112,1,7,4
112,2,7,4
112,3,7,4
112,4,7,3
112,5,7,4
112,6,7,4
112,7,7,4
112,8,7,2
112,9,7,3
112,1,16,4
112,2,16,3
112,3,16,4
112,4,16,4
112,5,16,4
112,6,16,3
112,7,16,4
112,8,16,4
112,9,16,3
112,1,17,3
112,2,17,3
112,3,17,4
112,4,17,4
112,5,17,4
112,6,17,4
112,7,17,4
112,8,17,4
112,9,17,4
112,1,18,3
112,2,18,4
112,3,18,2
112,4,18,3
112,5,18,4
112,6,18,3
112,7,18,3
112,8,18,3
112,9,18,4
113,1,2,2
113,2,2,2
113,3,2,3
113,4,2,4
113,5,2,3
113,6,2,3
113,7,2,4
113,8,2,3
113,9,2,4
113,1,12,4
113,2,12,4
113,3,12,4
113,4,12,4
113,5,12,3
113,6,12,3
113,7,12,3
113,8,12,4
113,9,12,3
113,1,14,3
113,2,14,3
113,3,14,2
113,4,14,1
113,5,14,3
113,6,14,2
113,7,14,4
113,8,14,4
113,9,14,4
113,1,17,2
113,2,17,1
113,3,17,2
113,4,17,2
113,5,17,2
113,6,17,2
113,7,17,3
113,8,17,4
113,9,17,4
113,1,18,3
113,2,18,3
113,3,18,2
113,4,18,4
113,5,18,3
113,6,18,3
113,7,18,3
113,8,18,3
113,9,18,4
114,1,3,4
114,2,3,3
114,3,3,4
114,4,3,3
114,5,3,4
114,6,3,3
114,7,3,4
114,8,3,4
114,9,3,4
114,1,4,3
114,2,4,4
114,3,4,3
114,4,4,4
114,5,4,3
114,6,4,3
114,7,4,3
114,8,4,3
114,9,4,3
114,1,11,4
114,2,11,4
114,3,11,3
114,4,11,4
114,5,11,4
114,6,11,3
114,7,11,4
114,8,11,3
114,9,11,4
114,1,17,4
114,2,17,4
114,3,17,2
114,4,17,4
114,5,17,4
114,6,17,4
114,7,17,4
114,8,17,4
114,9,17,4
114,1,18,4
114,2,18,4
114,3,18,3
114,4,18,4
114,5,18,3
114,6,18,4
114,7,18,4
114,8,18,4
114,9,18,4
115,1,5,3
115,2,5,3
115,3,5,3
115,4,5,2
115,5,5,4
115,6,5,4
115,7,5,3
115,8,5,3
115,9,5,4
115,1,7,2
115,2,7,2
115,3,7,2
115,4,7,3
115,5,7,2
115,6,7,3
115,7,7,4
115,8,7,3
115,9,7,4
115,1,10,4
115,2,10,4
115,3,10,3
115,4,10,3
115,5,10,4
115,6,10,4
115,7,10,4
115,8,10,4
115,9,10,4
115,1,17,3
115,2,17,2
115,3,17,3
115,4,17,2
115,5,17,3
115,6,17,2
115,7,17,4
115,8,17,4
115,9,17,4
115,1,18,3
115,2,18,4
115,3,18,3
115,4,18,3
115,5,18,4
115,6,18,3
115,7,18,3
115,8,18,4
115,9,18,3
116,1,13,1
116,2,13,3
116,3,13,1
116,4,13,3
116,5,13,2
116,6,13,2
116,7,13,4
116,8,13,4
116,9,13,3
116,1,15,3
116,2,15,3
116,3,15,3
116,4,15,3
116,5,15,3
116,6,15,2
116,7,15,4
116,8,15,3
116,9,15,3
116,1,16,2
116,2,16,2
116,3,16,2
116,4,16,2
116,5,16,2
116,6,16,1
116,7,16,4
116,8,16,3
116,9,16,2
116,1,17,1
116,2,17,1
116,3,17,1
116,4,17,1
116,5,17,1
116,6,17,1
116,7,17,3
116,8,17,3
116,9,17,2
116,1,18,4
116,2,18,3
116,3,18,4
116,4,18,3
116,5,18,3
116,6,18,3
116,7,18,3
116,8,18,3
116,9,18,3
117,1,6,3
117,2,6,3
117,3,6,3
117,4,6,4
117,5,6,3
117,6,6,3
117,7,6,3
117,8,6,4
117,9,6,3
117,1,8,3
117,2,8,3
117,3,8,3
117,4,8,3
117,5,8,3
117,6,8,3
117,7,8,2
117,8,8,3
117,9,8,3
117,1,9,4
117,2,9,4
117,3,9,4
117,4,9,4
117,5,9,4
117,6,9,4
117,7,9,3
117,8,9,4
117,9,9,4
117,1,17,4
117,2,17,1
117,3,17,3
117,4,17,3
117,5,17,3
117,6,17,4
117,7,17,3
117,8,17,4
117,9,17,4
117,1,18,3
117,2,18,3
117,3,18,2
117,4,18,3
117,5,18,3
117,6,18,3
117,7,18,3
117,8,18,2
117,9,18,3
118,1,1,1
118,2,1,2
118,3,1,3
118,4,1,4
118,5,1,2
118,6,1,2
118,7,1,2
118,8,1,4
118,9,1,4
118,1,12,4
118,2,12,3
118,3,12,3
118,4,12,4
118,5,12,3
118,6,12,3
118,7,12,3
118,8,12,3
118,9,12,3
118,1,14,4
118,2,14,4
118,3,14,4
118,4,14,2
118,5,14,4
118,6,14,4
118,7,14,4
118,8,14,4
118,9,14,4
118,1,17,3
118,2,17,1
118,3,17,2
118,4,17,1
118,5,17,2
118,6,17,2
118,7,17,4
118,8,17,4
118,9,17,4
118,1,18,4
118,2,18,4
118,3,18,3
118,4,18,3
118,5,18,4
118,6,18,3
118,7,18,4
118,8,18,4
118,9,18,3
119,1,2,2
119,2,2,3
119,3,2,2
119,4,2,2
119,5,2,3
119,6,2,4
119,7,2,4
119,8,2,3
119,9,2,4
119,1,3,3
119,2,3,3
119,3,3,1
119,4,3,1
119,5,3,2
119,6,3,3
119,7,3,4
119,8,3,4
119,9,3,4
119,1,11,4
119,2,11,3
119,3,11,3
119,4,11,3
119,5,11,3
119,6,11,2
119,7,11,4
119,8,11,3
119,9,11,3
119,1,17,2
119,2,17,2
119,3,17,2
119,4,17,2
119,5,17,2
119,6,17,2
119,7,17,4
119,8,17,4
119,9,17,4
119,1,18,3
119,2,18,3
119,3,18,2
119,4,18,3
119,5,18,3
119,6,18,3
119,7,18,4
119,8,18,3
119,9,18,3
120,1,4,3
120,2,4,3
120,3,4,2
120,4,4,3
120,5,4,3
120,6,4,3
120,7,4,3
120,8,4,3
120,9,4,4
120,1,7,2
120,2,7,3
120,3,7,3
120,4,7,3
120,5,7,2
120,6,7,3
120,7,7,4
120,8,7,4
120,9,7,4
120,1,10,3
120,2,10,3
120,3,10,3
120,4,10,1
120,5,10,3
120,6,10,3
120,7,10,4
120,8,10,2
120,9,10,4
120,1,17,3
120,2,17,4
120,3,17,4
120,4,17,2
120,5,17,4
120,6,17,4
120,7,17,4
120,8,17,4
120,9,17,4
120,1,18,3
120,2,18,3
120,3,18,3
120,4,18,3
120,5,18,3
120,6,18,3
120,7,18,3
120,8,18,3
120,9,18,4
121,1,5,3
121,2,5,3
121,3,5,3
121,4,5,2
121,5,5,3
121,6,5,4
121,7,5,3
121,8,5,3
121,9,5,3
121,1,13,1
121,2,13,2
121,3,13,2
121,4,13,3
121,5,13,3
121,6,13,2
121,7,13,4
121,8,13,4
121,9,13,3
121,1,16,3
121,2,16,3
121,3,16,3
121,4,16,2
121,5,16,3
121,6,16,3
121,7,16,4
121,8,16,3
121,9,16,3
121,1,17,4
121,2,17,3
121,3,17,3
121,4,17,4
121,5,17,4
121,6,17,4
121,7,17,4
121,8,17,4
121,9,17,4
121,1,18,3
121,2,18,3
121,3,18,3
121,4,18,2
121,5,18,4
121,6,18,3
121,7,18,3
121,8,18,2
121,9,18,3
122,1,8,3
122,2,8,3
122,3,8,3
122,4,8,3
122,5,8,3
122,6,8,3
122,7,8,4
122,8,8,3
122,9,8,4
122,1,9,4
122,2,9,4
122,3,9,4
122,4,9,4
122,5,9,4
122,6,9,4
122,7,9,4
122,8,9,4
122,9,9,4
122,1,15,4
122,2,15,4
122,3,15,3
122,4,15,2
122,5,15,4
122,6,15,3
122,7,15,4
122,8,15,4
122,9,15,4
122,1,17,4
122,2,17,1
122,3,17,3
122,4,17,1
122,5,17,2
122,6,17,2
122,7,17,4
122,8,17,4
122,9,17,4
122,1,18,3
122,2,18,2
122,3,18,3
122,4,18,2
122,5,18,3
122,6,18,3
122,7,18,3
122,8,18,3
122,9,18,3
123,1,1,1
123,2,1,2
123,3,1,2
123,4,1,3
123,5,1,3
123,6,1,2
123,7,1,3
123,8,1,3
123,9,1,4
123,1,6,2
123,2,6,3
123,3,6,2
123,4,6,3
123,5,6,2
123,6,6,3
123,7,6,2
123,8,6,3
123,9,6,3
123,1,12,2
123,2,12,3
123,3,12,2
123,4,12,2
123,5,12,3
123,6,12,3
123,7,12,3
123,8,12,3
123,9,12,3
123,1,17,1
123,2,17,1
123,3,17,1
123,4,17,1
123,5,17,1
123,6,17,2
123,7,17,4
123,8,17,2
123,9,17,4
123,1,18,3
123,2,18,3
123,3,18,2
123,4,18,2
123,5,18,3
123,6,18,3
123,7,18,3
123,8,18,2
123,9,18,4
124,1,2,2
124,2,2,2
124,3,2,2
124,4,2,3
124,5,2,3
124,6,2,2
124,7,2,4
124,8,2,1
124,9,2,4
124,1,11,3
124,2,11,4
124,3,11,3
124,4,11,3
124,5,11,3
124,6,11,2
124,7,11,4
124,8,11,3
124,9,11,3
124,1,14,2
124,2,14,2
124,3,14,3
124,4,14,2
124,5,14,3
124,6,14,3
124,7,14,4
124,8,14,4
124,9,14,4
124,1,17,4
124,2,17,4
124,3,17,2
124,4,17,3
124,5,17,4
124,6,17,4
124,7,17,4
124,8,17,4
124,9,17,4
124,1,18,3
124,2,18,4
124,3,18,3
124,4,18,3
124,5,18,4
124,6,18,3
124,7,18,4
124,8,18,4
124,9,18,4
125,1,3,4
125,2,3,3
125,3,3,4
125,4,3,3
125,5,3,3
125,6,3,3
125,7,3,4
125,8,3,4
125,9,3,3
125,1,4,3
125,2,4,3
125,3,4,3
125,4,4,3
125,5,4,4
125,6,4,3
125,7,4,3
125,8,4,2
125,9,4,2
125,1,10,3
125,2,10,3
125,3,10,3
125,4,10,1
125,5,10,3
125,6,10,3
125,7,10,4
125,8,10,4
125,9,10,4
125,1,17,2
125,2,17,4
125,3,17,4
125,4,17,1
125,5,17,4
125,6,17,4
125,7,17,4
125,8,17,4
125,9,17,4
125,1,18,3
125,2,18,4
125,3,18,3
125,4,18,3
125,5,18,3
125,6,18,3
125,7,18,3
125,8,18,2
125,9,18,4
126,1,5,3
126,2,5,2
126,3,5,2
126,4,5,3
126,5,5,3
126,6,5,3
126,7,5,2
126,8,5,3
126,9,5,2
126,1,7,4
126,2,7,4
126,3,7,4
126,4,7,4
126,5,7,3
126,6,7,3
126,7,7,4
126,8,7,2
126,9,7,3
126,1,16,3
126,2,16,2
126,3,16,2
126,4,16,3
126,5,16,2
126,6,16,2
126,7,16,4
126,8,16,2
126,9,16,2
126,1,17,4
126,2,17,3
126,3,17,3
126,4,17,4
126,5,17,4
126,6,17,3
126,7,17,3
126,8,17,3
126,9,17,4
126,1,18,3
126,2,18,3
126,3,18,3
126,4,18,4
126,5,18,4
126,6,18,3
126,7,18,3
126,8,18,2
126,9,18,3
127,1,9,4
127,2,9,3
127,3,9,4
127,4,9,4
127,5,9,4
127,6,9,4
127,7,9,3
127,8,9,4
127,9,9,4
127,1,13,2
127,2,13,1
127,3,13,2
127,4,13,1
127,5,13,3
127,6,13,2
127,7,13,4
127,8,13,3
127,9,13,4
127,1,15,3
127,2,15,3
127,3,15,3
127,4,15,3
127,5,15,3
127,6,15,3
127,7,15,4
127,8,15,3
127,9,15,4
127,1,17,3
127,2,17,3
127,3,17,3
127,4,17,3
127,5,17,3
127,6,17,4
127,7,17,4
127,8,17,3
127,9,17,4
127,1,18,3
127,2,18,3
127,3,18,3
127,4,18,3
127,5,18,4
127,6,18,3
127,7,18,3
127,8,18,3
127,9,18,3
128,1,1,2
128,2,1,3
128,3,1,3
128,4,1,3
128,5,1,4
128,6,1,4
128,7,1,3
128,8,1,4
128,9,1,4
128,1,6,3
128,2,6,4
128,3,6,3
128,4,6,3
128,5,6,4
128,6,6,3
128,7,6,4
128,8,6,3
128,9,6,4
128,1,8,3
128,2,8,3
128,3,8,4
128,4,8,2
128,5,8,3
128,6,8,3
128,7,8,4
128,8,8,3
128,9,8,4
128,1,17,4
128,2,17,4
128,3,17,4
128,4,17,3
128,5,17,4
128,6,17,4
128,7,17,4
128,8,17,4
128,9,17,4
128,1,18,3
128,2,18,4
128,3,18,4
128,4,18,3
128,5,18,3
128,6,18,4
128,7,18,4
128,8,18,4
128,9,18,4
129,1,1,2
129,2,1,4
129,3,1,2
129,4,1,3
129,5,1,3
129,6,1,4
129,7,1,4
129,8,1,4
129,9,1,4
129,1,6,3
129,2,6,3
129,3,6,3
129,4,6,3
129,5,6,3
129,6,6,3
129,7,6,3
129,8,6,4
129,9,6,4
129,1,10,3
129,2,10,3
129,3,10,2
129,4,10,3
129,5,10,3
129,6,10,4
129,7,10,4
129,8,10,4
129,9,10,4
129,1,17,4
129,2,17,4
129,3,17,3
129,4,17,4
129,5,17,4
129,6,17,4
129,7,17,4
129,8,17,4
129,9,17,4
129,1,18,3
129,2,18,3
129,3,18,3
129,4,18,4
129,5,18,4
129,6,18,4
129,7,18,3
129,8,18,1
129,9,18,3
130,1,2,2
130,2,2,3
130,3,2,3
130,4,2,3
130,5,2,3
130,6,2,3
130,7,2,4
130,8,2,3
130,9,2,3
130,1,5,3
130,2,5,3
130,3,5,3
130,4,5,3
130,5,5,3
130,6,5,3
130,7,5,3
130,8,5,3
130,9,5,3
130,1,11,3
130,2,11,2
130,3,11,3
130,4,11,2
130,5,11,3
130,6,11,2
130,7,11,3
130,8,11,3
130,9,11,3
130,1,17,3
130,2,17,3
130,3,17,3
130,4,17,3
130,5,17,3
130,6,17,3
130,7,17,4
130,8,17,4
130,9,17,3
130,1,18,3
130,2,18,3
130,3,18,3
130,4,18,3
130,5,18,3
130,6,18,2
130,7,18,3
130,8,18,2
130,9,18,3
131,1,9,4
131,2,9,3
131,3,9,3
131,4,9,4
131,5,9,4
131,6,9,4
131,7,9,4
131,8,9,4
131,9,9,4
131,1,13,2
131,2,13,3
131,3,13,1
131,4,13,3
131,5,13,3
131,6,13,2
131,7,13,4
131,8,13,3
131,9,13,4
131,1,15,3
131,2,15,3
131,3,15,3
131,4,15,4
131,5,15,3
131,6,15,3
131,7,15,4
131,8,15,4
131,9,15,3
131,1,17,4
131,2,17,2
131,3,17,4
131,4,17,4
131,5,17,4
131,6,17,4
131,7,17,4
131,8,17,4
131,9,17,4
131,1,18,3
131,2,18,3
131,3,18,3
131,4,18,2
131,5,18,3
131,6,18,3
131,7,18,4
131,8,18,3
131,9,18,3
132,1,7,2
132,2,7,3
132,3,7,3
132,4,7,3
132,5,7,3
132,6,7,3
132,7,7,2
132,8,7,2
132,9,7,4
132,1,8,3
132,2,8,3
132,3,8,2
132,4,8,1
132,5,8,3
132,6,8,3
132,7,8,3
132,8,8,3
132,9,8,3
132,1,12,3
132,2,12,3
132,3,12,4
132,4,12,3
132,5,12,4
132,6,12,4
132,7,12,3
132,8,12,3
132,9,12,3
132,1,17,4
132,2,17,1
132,3,17,4
132,4,17,4
132,5,17,3
132,6,17,4
132,7,17,4
132,8,17,4
132,9,17,4
132,1,18,3
132,2,18,3
132,3,18,3
132,4,18,2
132,5,18,3
132,6,18,3
132,7,18,2
132,8,18,2
132,9,18,3
133,1,3,3
133,2,3,3
133,3,3,3
133,4,3,3
133,5,3,4
133,6,3,4
133,7,3,4
133,8,3,4
133,9,3,4
133,1,4,4
133,2,4,3
133,3,4,3
133,4,4,3
133,5,4,3
133,6,4,3
133,7,4,3
133,8,4,3
133,9,4,3
133,1,16,3
133,2,16,2
133,3,16,4
133,4,16,4
133,5,16,3
133,6,16,3
133,7,16,4
133,8,16,2
133,9,16,3
133,1,17,3
133,2,17,3
133,3,17,3
133,4,17,4
133,5,17,3
133,6,17,4
133,7,17,4
133,8,17,4
133,9,17,4
133,1,18,3
133,2,18,3
133,3,18,2
133,4,18,3
133,5,18,3
133,6,18,3
133,7,18,3
133,8,18,3
133,9,18,2
134,1,6,3
134,2,6,2
134,3,6,3
134,4,6,3
134,5,6,2
134,6,6,3
134,7,6,3
134,8,6,3
134,9,6,3
134,1,10,3
134,2,10,3
134,3,10,2
134,4,10,1
134,5,10,3
134,6,10,3
134,7,10,3
134,8,10,2
134,9,10,3
134,1,14,3
134,2,14,3
134,3,14,4
134,4,14,3
134,5,14,4
134,6,14,4
134,7,14,3
134,8,14,4
134,9,14,4
134,1,17,1
134,2,17,1
134,3,17,1
134,4,17,1
134,5,17,1
134,6,17,1
134,7,17,3
134,8,17,3
134,9,17,3
134,1,18,3
134,2,18,3
134,3,18,3
134,4,18,4
134,5,18,3
134,6,18,3
134,7,18,4
134,8,18,3
134,9,18,4